// Generated from icon.png by tools/bake_icon.ps1.
// 94x85 RGBA8 — embedded so the build does not need a PNG decoder.
#pragma once
#include <cstdint>

static constexpr int kAppIconWidth  = 94;
static constexpr int kAppIconHeight = 85;
static constexpr uint8_t kAppIconRGBA[] = {
    0x00,0x00,0x00,0xff,0x00,0x00,0x00,0xff,0x00,0x00,0x00,0xff,0x00,0x00,0x00,0xff,
    0x00,0x00,0x00,0xff,0x00,0x00,0x00,0xff,0x00,0x00,0x00,0xff,0x00,0x00,0x00,0xff,
    0x00,0x00,0x00,0xff,0x00,0x00,0x00,0xff,0x00,0x00,0x00,0xff,0x00,0x00,0x00,0xff,
    0x00,0x00,0x00,0xff,0x00,0x00,0x00,0xff,0x00,0x00,0x00,0xff,0x00,0x00,0x00,0xff,
    0x00,0x00,0x00,0xff,0x00,0x00,0x00,0xff,0x00,0x00,0x00,0xff,0x00,0x00,0x00,0xff,
    0x00,0x00,0x00,0xff,0x00,0x00,0x00,0xff,0x00,0x00,0x00,0xff,0x00,0x00,0x00,0xff,
    0x00,0x00,0x00,0xff,0x00,0x00,0x00,0xff,0x00,0x00,0x00,0xff,0x00,0x00,0x00,0xff,
    0x00,0x00,0x00,0xff,0x00,0x00,0x00,0xff,0x00,0x00,0x00,0xff,0x00,0x00,0x00,0xff,
    0x00,0x00,0x00,0xff,0x00,0x00,0x00,0xff,0x00,0x00,0x00,0xff,0x00,0x00,0x00,0xff,
    0x00,0x00,0x00,0xff,0x00,0x00,0x00,0xff,0x00,0x00,0x00,0xff,0x00,0x00,0x00,0xff,
    0x00,0x00,0x00,0xff,0x00,0x00,0x00,0xff,0x00,0x00,0x00,0xff,0x00,0x00,0x00,0xff,
    0x00,0x00,0x00,0xff,0x00,0x00,0x00,0xff,0x00,0x00,0x00,0xff,0x00,0x00,0x00,0xff,
    0x00,0x00,0x00,0xff,0x00,0x00,0x00,0xff,0x00,0x00,0x00,0xff,0x00,0x00,0x00,0xff,
    0x00,0x00,0x00,0xff,0x00,0x00,0x00,0xff,0x00,0x00,0x00,0xff,0x00,0x00,0x00,0xff,
    0x00,0x00,0x00,0xff,0x00,0x00,0x00,0xff,0x00,0x00,0x00,0xff,0x00,0x00,0x00,0xff,
    0x00,0x00,0x00,0xff,0x00,0x00,0x00,0xff,0x00,0x00,0x00,0xff,0x00,0x00,0x00,0xff,
    0x00,0x00,0x00,0xff,0x00,0x00,0x00,0xff,0x00,0x00,0x00,0xff,0x00,0x00,0x00,0xff,
    0x00,0x00,0x00,0xff,0x00,0x00,0x00,0xff,0x00,0x00,0x00,0xff,0x00,0x00,0x00,0xff,
    0x00,0x00,0x00,0xff,0x00,0x00,0x00,0xff,0x00,0x00,0x00,0xff,0x00,0x00,0x00,0xff,
    0x00,0x00,0x00,0xff,0x00,0x00,0x00,0xff,0x00,0x00,0x00,0xff,0x00,0x00,0x00,0xff,
    0x00,0x00,0x00,0xff,0x00,0x00,0x00,0xff,0x00,0x00,0x00,0xff,0x00,0x00,0x00,0xff,
    0x00,0x00,0x00,0xff,0x00,0x00,0x00,0xff,0x00,0x00,0x00,0xff,0x00,0x00,0x00,0xff,
    0x00,0x00,0x00,0xff,0x00,0x00,0x00,0xff,0x00,0x00,0x00,0xff,0x00,0x00,0x00,0xff,
    0x00,0x00,0x00,0xff,0x00,0x00,0x00,0xff,0x00,0x00,0x00,0xff,0x00,0x00,0x00,0xff,
    0x00,0x00,0x00,0xff,0x00,0x00,0x00,0xff,0x00,0x00,0x00,0xff,0x00,0x00,0x00,0xff,
    0x00,0x00,0x00,0xff,0x00,0x00,0x00,0xff,0x00,0x00,0x00,0xff,0x00,0x00,0x00,0xff,
    0x00,0x00,0x00,0xff,0x00,0x00,0x00,0xff,0x00,0x00,0x00,0xff,0x00,0x00,0x00,0xff,
    0x00,0x00,0x00,0xff,0x00,0x00,0x00,0xff,0x00,0x00,0x00,0xff,0x00,0x00,0x00,0xff,
    0x00,0x00,0x00,0xff,0x00,0x00,0x00,0xff,0x00,0x00,0x00,0xff,0x00,0x00,0x00,0xff,
    0x00,0x00,0x00,0xff,0x00,0x00,0x00,0xff,0x00,0x00,0x00,0xff,0x00,0x00,0x00,0xff,
    0x00,0x00,0x00,0xff,0x00,0x00,0x00,0xff,0x00,0x00,0x00,0xff,0x00,0x00,0x00,0xff,
    0x00,0x00,0x00,0xff,0x00,0x00,0x00,0xff,0x00,0x00,0x00,0xff,0x00,0x00,0x00,0xff,
    0x00,0x00,0x00,0xff,0x00,0x00,0x00,0xff,0x00,0x00,0x00,0xff,0x00,0x00,0x00,0xff,
    0x00,0x00,0x00,0xff,0x00,0x00,0x00,0xff,0x00,0x00,0x00,0xff,0x00,0x00,0x00,0xff,
    0x00,0x00,0x00,0xff,0x00,0x00,0x00,0xff,0x00,0x00,0x00,0xff,0x00,0x00,0x00,0xff,
    0x00,0x00,0x00,0xff,0x00,0x00,0x00,0xff,0x00,0x00,0x00,0xff,0x00,0x00,0x00,0xff,
    0x00,0x00,0x00,0xff,0x00,0x00,0x00,0xff,0x00,0x00,0x00,0xff,0x00,0x00,0x00,0xff,
    0x00,0x00,0x00,0xff,0x00,0x00,0x00,0xff,0x00,0x00,0x00,0xff,0x00,0x00,0x00,0xff,
    0x00,0x00,0x00,0xff,0x00,0x00,0x00,0xff,0x00,0x00,0x00,0xff,0x00,0x00,0x00,0xff,
    0x00,0x00,0x00,0xff,0x00,0x00,0x00,0xff,0x00,0x00,0x00,0xff,0x00,0x00,0x00,0xff,
    0x00,0x00,0x00,0xff,0x00,0x00,0x00,0xff,0x00,0x00,0x00,0xff,0x00,0x00,0x00,0xff,
    0x00,0x00,0x00,0xff,0x00,0x00,0x00,0xff,0x00,0x00,0x00,0xff,0x00,0x00,0x00,0xff,
    0x00,0x00,0x00,0xff,0x00,0x00,0x00,0xff,0x00,0x00,0x00,0xff,0x00,0x00,0x00,0xff,
    0x00,0x00,0x00,0xff,0x00,0x00,0x00,0xff,0x00,0x00,0x00,0xff,0x00,0x00,0x00,0xff,
    0x00,0x00,0x00,0xff,0x00,0x00,0x00,0xff,0x00,0x00,0x00,0xff,0x00,0x00,0x00,0xff,
    0x00,0x00,0x00,0xff,0x00,0x00,0x00,0xff,0x00,0x00,0x00,0xff,0x00,0x00,0x00,0xff,
    0x00,0x00,0x00,0xff,0x00,0x00,0x00,0xff,0x00,0x00,0x00,0xff,0x00,0x00,0x00,0xff,
    0x00,0x00,0x00,0xff,0x00,0x00,0x00,0xff,0x00,0x00,0x00,0xff,0x00,0x00,0x00,0xff,
    0x00,0x00,0x00,0xff,0x00,0x00,0x00,0xff,0x00,0x00,0x00,0xff,0x00,0x00,0x00,0xff,
    0x00,0x00,0x00,0xff,0x00,0x00,0x00,0xff,0x00,0x00,0x00,0xff,0x00,0x00,0x00,0xff,
    0x00,0x00,0x00,0xff,0x00,0x00,0x00,0xff,0x00,0x00,0x00,0xff,0x00,0x00,0x00,0xff,
    0x00,0x00,0x00,0xff,0x00,0x00,0x00,0xff,0x00,0x00,0x00,0xff,0x00,0x00,0x00,0xff,
    0x00,0x00,0x00,0xff,0x00,0x00,0x00,0xff,0x00,0x00,0x00,0xff,0x00,0x00,0x00,0xff,
    0x00,0x00,0x00,0xff,0x00,0x00,0x00,0xff,0x00,0x00,0x00,0xff,0x00,0x00,0x00,0xff,
    0x00,0x00,0x00,0xff,0x00,0x00,0x00,0xff,0x00,0x00,0x00,0xff,0x00,0x00,0x00,0xff,
    0x00,0x00,0x00,0xff,0x00,0x00,0x00,0xff,0x00,0x00,0x00,0xff,0x00,0x00,0x00,0xff,
    0x00,0x00,0x00,0xff,0x00,0x00,0x00,0xff,0x00,0x00,0x00,0xff,0x00,0x00,0x00,0xff,
    0x00,0x00,0x00,0xff,0x00,0x00,0x00,0xff,0x00,0x00,0x00,0xff,0x00,0x00,0x00,0xff,
    0x00,0x00,0x00,0xff,0x00,0x00,0x00,0xff,0x00,0x00,0x00,0xff,0x00,0x00,0x00,0xff,
    0x00,0x00,0x00,0xff,0x00,0x00,0x00,0xff,0x00,0x00,0x00,0xff,0x00,0x00,0x00,0xff,
    0x00,0x00,0x00,0xff,0x00,0x00,0x00,0xff,0x00,0x00,0x00,0xff,0x00,0x00,0x00,0xff,
    0x00,0x00,0x00,0xff,0x00,0x00,0x00,0xff,0x00,0x00,0x00,0xff,0x00,0x00,0x00,0xff,
    0x00,0x00,0x00,0xff,0x00,0x00,0x00,0xff,0x00,0x00,0x00,0xff,0x00,0x00,0x00,0xff,
    0x00,0x00,0x00,0xff,0x00,0x00,0x00,0xff,0x00,0x00,0x00,0xff,0x00,0x00,0x00,0xff,
    0x00,0x00,0x00,0xff,0x00,0x00,0x00,0xff,0x00,0x00,0x00,0xff,0x00,0x00,0x00,0xff,
    0x00,0x00,0x00,0xff,0x00,0x00,0x00,0xff,0x00,0x00,0x00,0xff,0x00,0x00,0x00,0xff,
    0x00,0x00,0x00,0xff,0x00,0x00,0x00,0xff,0x00,0x00,0x00,0xff,0x00,0x00,0x00,0xff,
    0x00,0x00,0x00,0xff,0x00,0x00,0x00,0xff,0x00,0x00,0x00,0xff,0x00,0x00,0x00,0xff,
    0x00,0x00,0x00,0xff,0x00,0x00,0x00,0xff,0x00,0x00,0x00,0xff,0x00,0x00,0x00,0xff,
    0x00,0x00,0x00,0xff,0x00,0x00,0x00,0xff,0x00,0x00,0x00,0xff,0x00,0x00,0x00,0xff,
    0x00,0x00,0x00,0xff,0x00,0x00,0x00,0xff,0x00,0x00,0x00,0xff,0x00,0x00,0x00,0xff,
    0x00,0x00,0x00,0xff,0x00,0x00,0x00,0xff,0x00,0x00,0x00,0xff,0x00,0x00,0x00,0xff,
    0x00,0x00,0x00,0xff,0x00,0x00,0x00,0xff,0x00,0x00,0x00,0xff,0x00,0x00,0x00,0xff,
    0x00,0x00,0x00,0xff,0x00,0x00,0x00,0xff,0x00,0x00,0x00,0xff,0x00,0x00,0x00,0xff,
    0x00,0x00,0x00,0xff,0x00,0x00,0x00,0xff,0x00,0x00,0x00,0xff,0x00,0x00,0x00,0xff,
    0x00,0x00,0x00,0xff,0x00,0x00,0x00,0xff,0x00,0x00,0x00,0xff,0x00,0x00,0x00,0xff,
    0x00,0x00,0x00,0xff,0x00,0x00,0x00,0xff,0x00,0x00,0x00,0xff,0x00,0x00,0x00,0xff,
    0x00,0x00,0x00,0xff,0x00,0x00,0x00,0xff,0x00,0x00,0x00,0xff,0x00,0x00,0x00,0xff,
    0x00,0x00,0x00,0xff,0x00,0x00,0x00,0xff,0x00,0x00,0x00,0xff,0x00,0x00,0x00,0xff,
    0x00,0x00,0x00,0xff,0x00,0x00,0x00,0xff,0x00,0x00,0x00,0xff,0x00,0x00,0x00,0xff,
    0x00,0x00,0x00,0xff,0x00,0x00,0x00,0xff,0x00,0x00,0x00,0xff,0x00,0x00,0x00,0xff,
    0x00,0x00,0x00,0xff,0x00,0x00,0x00,0xff,0x00,0x00,0x00,0xff,0x00,0x00,0x00,0xff,
    0x00,0x00,0x00,0xff,0x00,0x00,0x00,0xff,0x00,0x00,0x00,0xff,0x00,0x00,0x00,0xff,
    0x00,0x00,0x00,0xff,0x00,0x00,0x00,0xff,0x00,0x00,0x00,0xff,0x00,0x00,0x00,0xff,
    0x00,0x00,0x00,0xff,0x00,0x00,0x00,0xff,0x00,0x00,0x00,0xff,0x00,0x00,0x00,0xff,
    0x00,0x00,0x00,0xff,0x00,0x00,0x00,0xff,0x00,0x00,0x00,0xff,0x00,0x00,0x00,0xff,
    0x00,0x00,0x00,0xff,0x00,0x00,0x00,0xff,0x00,0x00,0x00,0xff,0x00,0x00,0x00,0xff,
    0x00,0x00,0x00,0xff,0x00,0x00,0x00,0xff,0x00,0x00,0x00,0xff,0x00,0x00,0x00,0xff,
    0x00,0x00,0x00,0xff,0x00,0x00,0x00,0xff,0x00,0x00,0x00,0xff,0x00,0x00,0x00,0xff,
    0x00,0x00,0x00,0xff,0x00,0x00,0x00,0xff,0x00,0x00,0x00,0xff,0x00,0x00,0x00,0xff,
    0x00,0x00,0x00,0xff,0x00,0x00,0x00,0xff,0x00,0x00,0x00,0xff,0x00,0x00,0x00,0xff,
    0x00,0x00,0x00,0xff,0x00,0x00,0x00,0xff,0x00,0x00,0x00,0xff,0x00,0x00,0x00,0xff,
    0x00,0x00,0x00,0xff,0x00,0x00,0x00,0xff,0x00,0x00,0x00,0xff,0x00,0x00,0x00,0xff,
    0x00,0x00,0x00,0xff,0x00,0x00,0x00,0xff,0x00,0x00,0x00,0xff,0x00,0x00,0x00,0xff,
    0x00,0x00,0x00,0xff,0x00,0x00,0x00,0xff,0x00,0x00,0x00,0xff,0x00,0x00,0x00,0xff,
    0x00,0x00,0x00,0xff,0x00,0x00,0x00,0xff,0x00,0x00,0x00,0xff,0x00,0x00,0x00,0xff,
    0x00,0x00,0x00,0xff,0x00,0x00,0x00,0xff,0x00,0x00,0x00,0xff,0x00,0x00,0x00,0xff,
    0x00,0x00,0x00,0xff,0x00,0x00,0x00,0xff,0x00,0x00,0x00,0xff,0x00,0x00,0x00,0xff,
    0x00,0x00,0x00,0xff,0x00,0x00,0x00,0xff,0x00,0x00,0x00,0xff,0x00,0x00,0x00,0xff,
    0x00,0x00,0x00,0xff,0x00,0x00,0x00,0xff,0x00,0x00,0x00,0xff,0x00,0x00,0x00,0xff,
    0x00,0x00,0x00,0xff,0x00,0x00,0x00,0xff,0x00,0x00,0x00,0xff,0x00,0x00,0x00,0xff,
    0x00,0x00,0x00,0xff,0x00,0x00,0x00,0xff,0x00,0x00,0x00,0xff,0x00,0x00,0x00,0xff,
    0x00,0x00,0x00,0xff,0x00,0x00,0x00,0xff,0x00,0x00,0x00,0xff,0x00,0x00,0x00,0xff,
    0x00,0x00,0x00,0xff,0x00,0x00,0x00,0xff,0x00,0x00,0x00,0xff,0x00,0x00,0x00,0xff,
    0x00,0x00,0x00,0xff,0x00,0x00,0x00,0xff,0x00,0x00,0x00,0xff,0x00,0x00,0x00,0xff,
    0x00,0x00,0x00,0xff,0x00,0x00,0x00,0xff,0x00,0x00,0x00,0xff,0x00,0x00,0x00,0xff,
    0x00,0x00,0x00,0xff,0x00,0x00,0x00,0xff,0x00,0x00,0x00,0xff,0x00,0x00,0x00,0xff,
    0x00,0x00,0x00,0xff,0x00,0x00,0x00,0xff,0x00,0x00,0x00,0xff,0x00,0x00,0x00,0xff,
    0x00,0x00,0x00,0xff,0x00,0x00,0x00,0xff,0x00,0x00,0x00,0xff,0x00,0x00,0x00,0xff,
    0x00,0x00,0x00,0xff,0x00,0x00,0x00,0xff,0x00,0x00,0x00,0xff,0x00,0x00,0x00,0xff,
    0x00,0x00,0x00,0xff,0x00,0x00,0x00,0xff,0x00,0x00,0x00,0xff,0x00,0x00,0x00,0xff,
    0x00,0x00,0x00,0xff,0x00,0x00,0x00,0xff,0x00,0x00,0x00,0xff,0x00,0x00,0x00,0xff,
    0x00,0x00,0x00,0xff,0x00,0x00,0x00,0xff,0x00,0x00,0x00,0xff,0x00,0x00,0x00,0xff,
    0x00,0x00,0x00,0xff,0x00,0x00,0x00,0xff,0x00,0x00,0x00,0xff,0x00,0x00,0x00,0xff,
    0x00,0x00,0x00,0xff,0x00,0x00,0x00,0xff,0x00,0x00,0x00,0xff,0x00,0x00,0x00,0xff,
    0x00,0x00,0x00,0xff,0x00,0x00,0x00,0xff,0x00,0x00,0x00,0xff,0x00,0x00,0x00,0xff,
    0x00,0x00,0x00,0xff,0x00,0x00,0x00,0xff,0x00,0x00,0x00,0xff,0x00,0x00,0x00,0xff,
    0x00,0x00,0x00,0xff,0x00,0x00,0x00,0xff,0x00,0x00,0x00,0xff,0x00,0x00,0x00,0xff,
    0x00,0x00,0x00,0xff,0x00,0x00,0x00,0xff,0x00,0x00,0x00,0xff,0x00,0x00,0x00,0xff,
    0x00,0x00,0x00,0xff,0x00,0x00,0x00,0xff,0x00,0x00,0x00,0xff,0x00,0x00,0x00,0xff,
    0x00,0x00,0x00,0xff,0x00,0x00,0x00,0xff,0x00,0x00,0x00,0xff,0x00,0x00,0x00,0xff,
    0x00,0x00,0x00,0xff,0x00,0x00,0x00,0xff,0x00,0x00,0x00,0xff,0x00,0x00,0x00,0xff,
    0x00,0x00,0x00,0xff,0x00,0x00,0x00,0xff,0x00,0x00,0x00,0xff,0x00,0x00,0x00,0xff,
    0x00,0x00,0x00,0xff,0x00,0x00,0x00,0xff,0x00,0x00,0x00,0xff,0x00,0x00,0x00,0xff,
    0x00,0x00,0x00,0xff,0x00,0x00,0x00,0xff,0x00,0x00,0x00,0xff,0x00,0x00,0x00,0xff,
    0x00,0x00,0x00,0xff,0x00,0x00,0x00,0xff,0x00,0x00,0x00,0xff,0x00,0x00,0x00,0xff,
    0x00,0x00,0x00,0xff,0x00,0x00,0x00,0xff,0x00,0x00,0x00,0xff,0x00,0x00,0x00,0xff,
    0x00,0x00,0x00,0xff,0x00,0x00,0x00,0xff,0x00,0x00,0x00,0xff,0x00,0x00,0x00,0xff,
    0x00,0x00,0x00,0xff,0x00,0x00,0x00,0xff,0x00,0x00,0x00,0xff,0x00,0x00,0x00,0xff,
    0x00,0x00,0x00,0xff,0x00,0x00,0x00,0xff,0x00,0x00,0x00,0xff,0x00,0x00,0x00,0xff,
    0x00,0x00,0x00,0xff,0x00,0x00,0x00,0xff,0x00,0x00,0x00,0xff,0x00,0x00,0x00,0xff,
    0x00,0x00,0x00,0xff,0x00,0x00,0x00,0xff,0x00,0x00,0x00,0xff,0x00,0x00,0x00,0xff,
    0x00,0x00,0x00,0xff,0x00,0x00,0x00,0xff,0x00,0x00,0x00,0xff,0x00,0x00,0x00,0xff,
    0x00,0x00,0x00,0xff,0x00,0x00,0x00,0xff,0x00,0x00,0x00,0xff,0x00,0x00,0x00,0xff,
    0x00,0x00,0x00,0xff,0x00,0x00,0x00,0xff,0x00,0x00,0x00,0xff,0x00,0x00,0x00,0xff,
    0x00,0x00,0x00,0xff,0x00,0x00,0x00,0xff,0x00,0x00,0x00,0xff,0x00,0x00,0x00,0xff,
    0x00,0x00,0x00,0xff,0x00,0x00,0x00,0xff,0x00,0x00,0x00,0xff,0x00,0x00,0x00,0xff,
    0x00,0x00,0x00,0xff,0x00,0x00,0x00,0xff,0x00,0x00,0x00,0xff,0x00,0x00,0x00,0xff,
    0x00,0x00,0x00,0xff,0x00,0x00,0x00,0xff,0x00,0x00,0x00,0xff,0x00,0x00,0x00,0xff,
    0x00,0x00,0x00,0xff,0x00,0x00,0x00,0xff,0x00,0x00,0x00,0xff,0x00,0x00,0x00,0xff,
    0x00,0x00,0x00,0xff,0x00,0x00,0x00,0xff,0x00,0x00,0x00,0xff,0x00,0x00,0x00,0xff,
    0x00,0x00,0x00,0xff,0x00,0x00,0x00,0xff,0x00,0x00,0x00,0xff,0x00,0x00,0x00,0xff,
    0x00,0x00,0x00,0xff,0x00,0x00,0x00,0xff,0x00,0x00,0x00,0xff,0x00,0x00,0x00,0xff,
    0x00,0x00,0x00,0xff,0x00,0x00,0x00,0xff,0x00,0x00,0x00,0xff,0x00,0x00,0x00,0xff,
    0x00,0x00,0x00,0xff,0x00,0x00,0x00,0xff,0x00,0x00,0x00,0xff,0x00,0x00,0x00,0xff,
    0x00,0x00,0x00,0xff,0x00,0x00,0x00,0xff,0x00,0x00,0x00,0xff,0x00,0x00,0x00,0xff,
    0x00,0x00,0x00,0xff,0x00,0x00,0x00,0xff,0x00,0x00,0x00,0xff,0x00,0x00,0x00,0xff,
    0x00,0x00,0x00,0xff,0x00,0x00,0x00,0xff,0x00,0x00,0x00,0xff,0x00,0x00,0x00,0xff,
    0x00,0x00,0x00,0xff,0x00,0x00,0x00,0xff,0x00,0x00,0x00,0xff,0x00,0x00,0x00,0xff,
    0x00,0x00,0x00,0xff,0x00,0x00,0x00,0xff,0x00,0x00,0x00,0xff,0x00,0x00,0x00,0xff,
    0x00,0x00,0x00,0xff,0x00,0x00,0x00,0xff,0x00,0x00,0x00,0xff,0x00,0x00,0x00,0xff,
    0x00,0x00,0x00,0xff,0x00,0x00,0x00,0xff,0x00,0x00,0x00,0xff,0x00,0x00,0x00,0xff,
    0x00,0x00,0x00,0xff,0x00,0x00,0x00,0xff,0x00,0x00,0x00,0xff,0x00,0x00,0x00,0xff,
    0x00,0x00,0x00,0xff,0x00,0x00,0x00,0xff,0x00,0x00,0x00,0xff,0x00,0x00,0x00,0xff,
    0x00,0x00,0x00,0xff,0x00,0x00,0x00,0xff,0x00,0x00,0x00,0xff,0x00,0x00,0x00,0xff,
    0x00,0x00,0x00,0xff,0x00,0x00,0x00,0xff,0x00,0x00,0x00,0xff,0x00,0x00,0x00,0xff,
    0x00,0x00,0x00,0xff,0x00,0x00,0x00,0xff,0x00,0x00,0x00,0xff,0x00,0x00,0x00,0xff,
    0x00,0x00,0x00,0xff,0x00,0x00,0x00,0xff,0x00,0x00,0x00,0xff,0x00,0x00,0x00,0xff,
    0x00,0x00,0x00,0xff,0x00,0x00,0x00,0xff,0x00,0x00,0x00,0xff,0x00,0x00,0x00,0xff,
    0x00,0x00,0x00,0xff,0x00,0x00,0x00,0xff,0x00,0x00,0x00,0xff,0x00,0x00,0x00,0xff,
    0x00,0x00,0x00,0xff,0x00,0x00,0x00,0xff,0x00,0x00,0x00,0xff,0x00,0x00,0x00,0xff,
    0x00,0x00,0x00,0xff,0x00,0x00,0x00,0xff,0x00,0x00,0x00,0xff,0x00,0x00,0x00,0xff,
    0x00,0x00,0x00,0xff,0x00,0x00,0x00,0xff,0x00,0x00,0x00,0xff,0x00,0x00,0x00,0xff,
    0x00,0x00,0x00,0xff,0x00,0x00,0x00,0xff,0x00,0x00,0x00,0xff,0x00,0x00,0x00,0xff,
    0x00,0x00,0x00,0xff,0x00,0x00,0x00,0xff,0x00,0x00,0x00,0xff,0x00,0x00,0x00,0xff,
    0x00,0x00,0x00,0xff,0x00,0x00,0x00,0xff,0x00,0x00,0x00,0xff,0x00,0x00,0x00,0xff,
    0x00,0x00,0x00,0xff,0x00,0x00,0x00,0xff,0x00,0x00,0x00,0xff,0x00,0x00,0x00,0xff,
    0x00,0x00,0x00,0xff,0x00,0x00,0x00,0xff,0x00,0x00,0x00,0xff,0x00,0x00,0x00,0xff,
    0x00,0x00,0x00,0xff,0x00,0x00,0x00,0xff,0x00,0x00,0x00,0xff,0x00,0x00,0x00,0xff,
    0x00,0x00,0x00,0xff,0x00,0x00,0x00,0xff,0x00,0x00,0x00,0xff,0x00,0x00,0x00,0xff,
    0x00,0x00,0x00,0xff,0x00,0x00,0x00,0xff,0x00,0x00,0x00,0xff,0x00,0x00,0x00,0xff,
    0x00,0x00,0x00,0xff,0x00,0x00,0x00,0xff,0x00,0x00,0x00,0xff,0x00,0x00,0x00,0xff,
    0x00,0x00,0x00,0xff,0x00,0x00,0x00,0xff,0x00,0x00,0x00,0xff,0x00,0x00,0x00,0xff,
    0x00,0x00,0x00,0xff,0x00,0x00,0x00,0xff,0x00,0x00,0x00,0xff,0x00,0x00,0x00,0xff,
    0x00,0x00,0x00,0xff,0x00,0x00,0x00,0xff,0x00,0x00,0x00,0xff,0x00,0x00,0x00,0xff,
    0x00,0x00,0x00,0xff,0x00,0x00,0x00,0xff,0x00,0x00,0x00,0xff,0x00,0x00,0x00,0xff,
    0x00,0x00,0x00,0xff,0x00,0x00,0x00,0xff,0x00,0x00,0x00,0xff,0x00,0x00,0x00,0xff,
    0x00,0x00,0x00,0xff,0x00,0x00,0x00,0xff,0x00,0x00,0x00,0xff,0x00,0x00,0x00,0xff,
    0x00,0x00,0x00,0xff,0x00,0x00,0x00,0xff,0x00,0x00,0x00,0xff,0x00,0x00,0x00,0xff,
    0x00,0x00,0x00,0xff,0x00,0x00,0x00,0xff,0x00,0x00,0x00,0xff,0x00,0x00,0x00,0xff,
    0x00,0x00,0x00,0xff,0x00,0x00,0x00,0xff,0x00,0x00,0x00,0xff,0x00,0x00,0x00,0xff,
    0x00,0x00,0x00,0xff,0x00,0x00,0x00,0xff,0x00,0x00,0x00,0xff,0x00,0x00,0x00,0xff,
    0x00,0x00,0x00,0xff,0x00,0x00,0x00,0xff,0x00,0x00,0x00,0xff,0x00,0x00,0x00,0xff,
    0x00,0x00,0x00,0xff,0x00,0x00,0x00,0xff,0x00,0x00,0x00,0xff,0x00,0x00,0x00,0xff,
    0x00,0x00,0x00,0xff,0x00,0x00,0x00,0xff,0x00,0x00,0x00,0xff,0x00,0x00,0x00,0xff,
    0x00,0x00,0x00,0xff,0x00,0x00,0x00,0xff,0x00,0x00,0x00,0xff,0x00,0x00,0x00,0xff,
    0x00,0x00,0x00,0xff,0x00,0x00,0x00,0xff,0x00,0x00,0x00,0xff,0x00,0x00,0x00,0xff,
    0x00,0x00,0x00,0xff,0x00,0x00,0x00,0xff,0x00,0x00,0x00,0xff,0x00,0x00,0x00,0xff,
    0x00,0x00,0x00,0xff,0x00,0x00,0x00,0xff,0x00,0x00,0x00,0xff,0x00,0x00,0x00,0xff,
    0x00,0x00,0x00,0xff,0x00,0x00,0x00,0xff,0x00,0x00,0x00,0xff,0x00,0x00,0x00,0xff,
    0x00,0x00,0x00,0xff,0x00,0x00,0x00,0xff,0x00,0x00,0x00,0xff,0x00,0x00,0x00,0xff,
    0x00,0x00,0x00,0xff,0x00,0x00,0x00,0xff,0x00,0x00,0x00,0xff,0x00,0x00,0x00,0xff,
    0x00,0x00,0x00,0xff,0x00,0x00,0x00,0xff,0x00,0x00,0x00,0xff,0x00,0x00,0x00,0xff,
    0x00,0x00,0x00,0xff,0x00,0x00,0x00,0xff,0x00,0x00,0x00,0xff,0x00,0x00,0x00,0xff,
    0x00,0x00,0x00,0xff,0x00,0x00,0x00,0xff,0x00,0x00,0x00,0xff,0x00,0x00,0x00,0xff,
    0x00,0x00,0x00,0xff,0x00,0x00,0x00,0xff,0x00,0x00,0x00,0xff,0x00,0x00,0x00,0xff,
    0x00,0x00,0x00,0xff,0x00,0x00,0x00,0xff,0x00,0x00,0x00,0xff,0x00,0x00,0x00,0xff,
    0x00,0x00,0x00,0xff,0x00,0x00,0x00,0xff,0x00,0x00,0x00,0xff,0x00,0x00,0x00,0xff,
    0x00,0x00,0x00,0xff,0x00,0x00,0x00,0xff,0x00,0x00,0x00,0xff,0x00,0x00,0x00,0xff,
    0x00,0x00,0x00,0xff,0x00,0x00,0x00,0xff,0x00,0x00,0x00,0xff,0x00,0x00,0x00,0xff,
    0x00,0x00,0x00,0xff,0x00,0x00,0x00,0xff,0x00,0x00,0x00,0xff,0x00,0x00,0x00,0xff,
    0x00,0x00,0x00,0xff,0x00,0x00,0x00,0xff,0x00,0x00,0x00,0xff,0x00,0x00,0x00,0xff,
    0x00,0x00,0x00,0xff,0x00,0x00,0x00,0xff,0x00,0x00,0x00,0xff,0x00,0x00,0x00,0xff,
    0x00,0x00,0x00,0xff,0x00,0x00,0x00,0xff,0x00,0x00,0x00,0xff,0x00,0x00,0x00,0xff,
    0x00,0x00,0x00,0xff,0x00,0x00,0x00,0xff,0x00,0x00,0x00,0xff,0x00,0x00,0x00,0xff,
    0x00,0x00,0x00,0xff,0x00,0x00,0x00,0xff,0x00,0x00,0x00,0xff,0x00,0x00,0x00,0xff,
    0x00,0x00,0x00,0xff,0x00,0x00,0x00,0xff,0x00,0x00,0x00,0xff,0x00,0x00,0x00,0xff,
    0x00,0x00,0x00,0xff,0x00,0x00,0x00,0xff,0x00,0x00,0x00,0xff,0x00,0x00,0x00,0xff,
    0x00,0x00,0x00,0xff,0x00,0x00,0x00,0xff,0x00,0x00,0x00,0xff,0x00,0x00,0x00,0xff,
    0x00,0x00,0x00,0xff,0x00,0x00,0x00,0xff,0x00,0x00,0x00,0xff,0x00,0x00,0x00,0xff,
    0x00,0x00,0x00,0xff,0x00,0x00,0x00,0xff,0x00,0x00,0x00,0xff,0x00,0x00,0x00,0xff,
    0x00,0x00,0x00,0xff,0x00,0x00,0x00,0xff,0x00,0x00,0x00,0xff,0x00,0x00,0x00,0xff,
    0x00,0x00,0x00,0xff,0x00,0x00,0x00,0xff,0x00,0x00,0x00,0xff,0x00,0x00,0x00,0xff,
    0x00,0x00,0x00,0xff,0x00,0x00,0x00,0xff,0x00,0x00,0x00,0xff,0x00,0x00,0x00,0xff,
    0x00,0x00,0x00,0xff,0x00,0x00,0x00,0xff,0x00,0x00,0x00,0xff,0x00,0x00,0x00,0xff,
    0x00,0x00,0x00,0xff,0x00,0x00,0x00,0xff,0x00,0x00,0x00,0xff,0x00,0x00,0x00,0xff,
    0x00,0x00,0x00,0xff,0x00,0x00,0x00,0xff,0x00,0x00,0x00,0xff,0x00,0x00,0x00,0xff,
    0x00,0x00,0x00,0xff,0x00,0x00,0x00,0xff,0x00,0x00,0x00,0xff,0x00,0x00,0x00,0xff,
    0x00,0x00,0x00,0xff,0x00,0x00,0x00,0xff,0x00,0x00,0x00,0xff,0x00,0x00,0x00,0xff,
    0x00,0x00,0x00,0xff,0x00,0x00,0x00,0xff,0x00,0x00,0x00,0xff,0x00,0x00,0x00,0xff,
    0x00,0x00,0x00,0xff,0x00,0x00,0x00,0xff,0x00,0x00,0x00,0xff,0x00,0x00,0x00,0xff,
    0x00,0x00,0x00,0xff,0x00,0x00,0x00,0xff,0x00,0x00,0x00,0xff,0x00,0x00,0x00,0xff,
    0x00,0x00,0x00,0xff,0x00,0x00,0x00,0xff,0x00,0x00,0x00,0xff,0x00,0x00,0x00,0xff,
    0x00,0x00,0x00,0xff,0x00,0x00,0x00,0xff,0x00,0x00,0x00,0xff,0x00,0x00,0x00,0xff,
    0x00,0x00,0x00,0xff,0x00,0x00,0x00,0xff,0x00,0x00,0x00,0xff,0x00,0x00,0x00,0xff,
    0x00,0x00,0x00,0xff,0x00,0x00,0x00,0xff,0x00,0x00,0x00,0xff,0x00,0x00,0x00,0xff,
    0x00,0x00,0x00,0xff,0x00,0x00,0x00,0xff,0x00,0x00,0x00,0xff,0x00,0x00,0x00,0xff,
    0x00,0x00,0x00,0xff,0x00,0x00,0x00,0xff,0x00,0x00,0x00,0xff,0x00,0x00,0x00,0xff,
    0x00,0x00,0x00,0xff,0x00,0x00,0x00,0xff,0x00,0x00,0x00,0xff,0x00,0x00,0x00,0xff,
    0x00,0x00,0x00,0xff,0x00,0x00,0x00,0xff,0x00,0x00,0x00,0xff,0x00,0x00,0x00,0xff,
    0x00,0x00,0x00,0xff,0x00,0x00,0x00,0xff,0x00,0x00,0x00,0xff,0x00,0x00,0x00,0xff,
    0x00,0x00,0x00,0xff,0x00,0x00,0x00,0xff,0x00,0x00,0x00,0xff,0x00,0x00,0x00,0xff,
    0x00,0x00,0x00,0xff,0x00,0x00,0x00,0xff,0x00,0x00,0x00,0xff,0x00,0x00,0x00,0xff,
    0x00,0x00,0x00,0xff,0x00,0x00,0x00,0xff,0x00,0x00,0x00,0xff,0x00,0x00,0x00,0xff,
    0x00,0x00,0x00,0xff,0x00,0x00,0x00,0xff,0x00,0x00,0x00,0xff,0x00,0x00,0x00,0xff,
    0x00,0x00,0x00,0xff,0x00,0x00,0x00,0xff,0x00,0x00,0x00,0xff,0x00,0x00,0x00,0xff,
    0x00,0x00,0x00,0xff,0x00,0x00,0x00,0xff,0x00,0x00,0x00,0xff,0x00,0x00,0x00,0xff,
    0x00,0x00,0x00,0xff,0x00,0x00,0x00,0xff,0x00,0x00,0x00,0xff,0x00,0x00,0x00,0xff,
    0x00,0x00,0x00,0xff,0x00,0x00,0x00,0xff,0x00,0x00,0x00,0xff,0x00,0x00,0x00,0xff,
    0x00,0x00,0x00,0xff,0x00,0x00,0x00,0xff,0x00,0x00,0x00,0xff,0x00,0x00,0x00,0xff,
    0x00,0x00,0x00,0xff,0x00,0x00,0x00,0xff,0x00,0x00,0x00,0xff,0x11,0x00,0x00,0xff,
    0x55,0x00,0x00,0xff,0x66,0x00,0x00,0xff,0x66,0x00,0x00,0xff,0x66,0x00,0x00,0xff,
    0x66,0x00,0x00,0xff,0x66,0x00,0x00,0xff,0x66,0x00,0x00,0xff,0x66,0x00,0x00,0xff,
    0x66,0x00,0x11,0xff,0x66,0x00,0x55,0xff,0x66,0x00,0x66,0xff,0x66,0x00,0x66,0xff,
    0x66,0x00,0x66,0xff,0x66,0x00,0x66,0xff,0x66,0x00,0x66,0xff,0x66,0x00,0x66,0xff,
    0x66,0x00,0x66,0xff,0x66,0x00,0x54,0xff,0x66,0x00,0x11,0xff,0x66,0x00,0x00,0xff,
    0x66,0x00,0x00,0xff,0x66,0x00,0x00,0xff,0x66,0x00,0x00,0xff,0x66,0x00,0x00,0xff,
    0x66,0x00,0x00,0xff,0x66,0x00,0x00,0xff,0x66,0x00,0x00,0xff,0x66,0x00,0x00,0xff,
    0x66,0x00,0x00,0xff,0x66,0x00,0x00,0xff,0x66,0x00,0x00,0xff,0x66,0x00,0x00,0xff,
    0x66,0x00,0x00,0xff,0x66,0x00,0x00,0xff,0x66,0x00,0x00,0xff,0x66,0x00,0x00,0xff,
    0x66,0x00,0x00,0xff,0x66,0x00,0x00,0xff,0x66,0x00,0x00,0xff,0x66,0x00,0x00,0xff,
    0x66,0x00,0x00,0xff,0x66,0x00,0x00,0xff,0x66,0x00,0x00,0xff,0x66,0x00,0x00,0xff,
    0x54,0x00,0x00,0xff,0x11,0x00,0x00,0xff,0x00,0x00,0x00,0xff,0x00,0x00,0x00,0xff,
    0x00,0x00,0x00,0xff,0x00,0x00,0x00,0xff,0x00,0x00,0x00,0xff,0x00,0x00,0x00,0xff,
    0x00,0x00,0x00,0xff,0x00,0x00,0x00,0xff,0x00,0x00,0x00,0xff,0x00,0x00,0x00,0xff,
    0x00,0x00,0x00,0xff,0x00,0x00,0x00,0xff,0x00,0x00,0x00,0xff,0x00,0x00,0x00,0xff,
    0x00,0x00,0x00,0xff,0x00,0x00,0x00,0xff,0x00,0x00,0x00,0xff,0x00,0x00,0x00,0xff,
    0x00,0x00,0x00,0xff,0x00,0x00,0x00,0xff,0x00,0x00,0x00,0xff,0x00,0x00,0x00,0xff,
    0x00,0x00,0x00,0xff,0x00,0x00,0x00,0xff,0x00,0x00,0x00,0xff,0x00,0x00,0x00,0xff,
    0x00,0x00,0x00,0xff,0x00,0x00,0x00,0xff,0x00,0x00,0x00,0xff,0x00,0x00,0x00,0xff,
    0x00,0x00,0x00,0xff,0x00,0x00,0x00,0xff,0x00,0x00,0x00,0xff,0x00,0x00,0x00,0xff,
    0x00,0x00,0x00,0xff,0x00,0x00,0x00,0xff,0x00,0x00,0x00,0xff,0x00,0x00,0x00,0xff,
    0x00,0x00,0x00,0xff,0x00,0x00,0x00,0xff,0x00,0x00,0x00,0xff,0x00,0x00,0x00,0xff,
    0x00,0x00,0x00,0xff,0x00,0x00,0x00,0xff,0x00,0x00,0x00,0xff,0x00,0x00,0x00,0xff,
    0x00,0x00,0x00,0xff,0x22,0x00,0x00,0xff,0xaa,0x00,0x00,0xff,0xcc,0x00,0x00,0xff,
    0xcc,0x00,0x00,0xff,0xcc,0x00,0x00,0xff,0xcc,0x00,0x00,0xff,0xcc,0x00,0x00,0xff,
    0xcc,0x00,0x00,0xff,0xcc,0x00,0x00,0xff,0xcc,0x00,0x22,0xff,0xcc,0x00,0xaa,0xff,
    0xcc,0x00,0xcc,0xff,0xcc,0x00,0xcc,0xff,0xcc,0x00,0xcc,0xff,0xcc,0x00,0xcc,0xff,
    0xcc,0x00,0xcc,0xff,0xcc,0x00,0xcc,0xff,0xcc,0x00,0xcc,0xff,0xcc,0x00,0xaa,0xff,
    0xcc,0x00,0x22,0xff,0xcc,0x00,0x00,0xff,0xcc,0x00,0x00,0xff,0xcc,0x00,0x00,0xff,
    0xcc,0x00,0x00,0xff,0xcc,0x00,0x00,0xff,0xcc,0x00,0x00,0xff,0xcc,0x00,0x00,0xff,
    0xcc,0x00,0x00,0xff,0xcc,0x00,0x00,0xff,0xcc,0x00,0x00,0xff,0xcc,0x00,0x00,0xff,
    0xcc,0x00,0x00,0xff,0xcc,0x00,0x00,0xff,0xcc,0x00,0x00,0xff,0xcc,0x00,0x00,0xff,
    0xcc,0x00,0x00,0xff,0xcc,0x00,0x00,0xff,0xcc,0x00,0x00,0xff,0xcc,0x00,0x00,0xff,
    0xcc,0x00,0x00,0xff,0xcc,0x00,0x00,0xff,0xcc,0x00,0x00,0xff,0xcc,0x00,0x00,0xff,
    0xcc,0x00,0x00,0xff,0xcc,0x00,0x00,0xff,0xaa,0x00,0x00,0xff,0x22,0x00,0x00,0xff,
    0x00,0x00,0x00,0xff,0x00,0x00,0x00,0xff,0x00,0x00,0x00,0xff,0x00,0x00,0x00,0xff,
    0x00,0x00,0x00,0xff,0x00,0x00,0x00,0xff,0x00,0x00,0x00,0xff,0x00,0x00,0x00,0xff,
    0x00,0x00,0x00,0xff,0x00,0x00,0x00,0xff,0x00,0x00,0x00,0xff,0x00,0x00,0x00,0xff,
    0x00,0x00,0x00,0xff,0x00,0x00,0x00,0xff,0x00,0x00,0x00,0xff,0x00,0x00,0x00,0xff,
    0x00,0x00,0x00,0xff,0x00,0x00,0x00,0xff,0x00,0x00,0x00,0xff,0x00,0x00,0x00,0xff,
    0x00,0x00,0x00,0xff,0x00,0x00,0x00,0xff,0x00,0x00,0x00,0xff,0x00,0x00,0x00,0xff,
    0x00,0x00,0x00,0xff,0x00,0x00,0x00,0xff,0x00,0x00,0x00,0xff,0x00,0x00,0x00,0xff,
    0x00,0x00,0x00,0xff,0x00,0x00,0x00,0xff,0x00,0x00,0x00,0xff,0x00,0x00,0x00,0xff,
    0x00,0x00,0x00,0xff,0x00,0x00,0x00,0xff,0x00,0x00,0x00,0xff,0x00,0x00,0x00,0xff,
    0x00,0x00,0x00,0xff,0x00,0x00,0x00,0xff,0x00,0x00,0x00,0xff,0x00,0x00,0x00,0xff,
    0x00,0x00,0x00,0xff,0x00,0x00,0x00,0xff,0x00,0x00,0x00,0xff,0x00,0x00,0x00,0xff,
    0x00,0x00,0x00,0xff,0x00,0x00,0x00,0xff,0x00,0x00,0x00,0xff,0x22,0x00,0x00,0xff,
    0xaa,0x00,0x00,0xff,0xcc,0x00,0x00,0xff,0xcc,0x00,0x00,0xff,0xcc,0x00,0x00,0xff,
    0xcc,0x00,0x00,0xff,0xcc,0x00,0x00,0xff,0xcc,0x00,0x00,0xff,0xcc,0x00,0x00,0xff,
    0xcc,0x00,0x22,0xff,0xcc,0x00,0xaa,0xff,0xcc,0x00,0xcc,0xff,0xcc,0x00,0xcc,0xff,
    0xcc,0x00,0xcc,0xff,0xcc,0x00,0xcc,0xff,0xcc,0x00,0xcc,0xff,0xcc,0x00,0xcc,0xff,
    0xcc,0x00,0xcc,0xff,0xcc,0x00,0xaa,0xff,0xcc,0x00,0x22,0xff,0xcc,0x00,0x00,0xff,
    0xcc,0x00,0x00,0xff,0xcc,0x00,0x00,0xff,0xcc,0x00,0x00,0xff,0xcc,0x00,0x00,0xff,
    0xcc,0x00,0x00,0xff,0xcc,0x00,0x00,0xff,0xcc,0x00,0x00,0xff,0xcc,0x00,0x00,0xff,
    0xcc,0x00,0x00,0xff,0xcc,0x00,0x00,0xff,0xcc,0x00,0x00,0xff,0xcc,0x00,0x00,0xff,
    0xcc,0x00,0x00,0xff,0xcc,0x00,0x00,0xff,0xcc,0x00,0x00,0xff,0xcc,0x00,0x00,0xff,
    0xcc,0x00,0x00,0xff,0xcc,0x00,0x00,0xff,0xcc,0x00,0x00,0xff,0xcc,0x00,0x00,0xff,
    0xcc,0x00,0x00,0xff,0xcc,0x00,0x00,0xff,0xcc,0x00,0x00,0xff,0xcc,0x00,0x00,0xff,
    0xaa,0x00,0x00,0xff,0x22,0x00,0x00,0xff,0x00,0x00,0x00,0xff,0x00,0x00,0x00,0xff,
    0x00,0x00,0x00,0xff,0x00,0x00,0x00,0xff,0x00,0x00,0x00,0xff,0x00,0x00,0x00,0xff,
    0x00,0x00,0x00,0xff,0x00,0x00,0x00,0xff,0x00,0x00,0x00,0xff,0x00,0x00,0x00,0xff,
    0x00,0x00,0x00,0xff,0x00,0x00,0x00,0xff,0x00,0x00,0x00,0xff,0x00,0x00,0x00,0xff,
    0x00,0x00,0x00,0xff,0x00,0x00,0x00,0xff,0x00,0x00,0x00,0xff,0x00,0x00,0x00,0xff,
    0x00,0x00,0x00,0xff,0x00,0x00,0x00,0xff,0x00,0x00,0x00,0xff,0x00,0x00,0x00,0xff,
    0x00,0x00,0x00,0xff,0x00,0x00,0x00,0xff,0x00,0x00,0x00,0xff,0x00,0x00,0x00,0xff,
    0x00,0x00,0x00,0xff,0x00,0x00,0x00,0xff,0x00,0x00,0x00,0xff,0x00,0x00,0x00,0xff,
    0x00,0x00,0x00,0xff,0x00,0x00,0x00,0xff,0x00,0x00,0x00,0xff,0x00,0x00,0x00,0xff,
    0x00,0x00,0x00,0xff,0x00,0x00,0x00,0xff,0x00,0x00,0x00,0xff,0x00,0x00,0x00,0xff,
    0x00,0x00,0x00,0xff,0x00,0x00,0x00,0xff,0x00,0x00,0x00,0xff,0x00,0x00,0x00,0xff,
    0x00,0x00,0x00,0xff,0x00,0x00,0x00,0xff,0x00,0x00,0x00,0xff,0x00,0x00,0x00,0xff,
    0x00,0x00,0x00,0xff,0x22,0x00,0x00,0xff,0xaa,0x00,0x00,0xff,0xcc,0x00,0x00,0xff,
    0xcc,0x00,0x00,0xff,0xcc,0x00,0x00,0xff,0xcc,0x00,0x00,0xff,0xcc,0x00,0x00,0xff,
    0xcc,0x00,0x00,0xff,0xcc,0x00,0x00,0xff,0xcc,0x00,0x22,0xff,0xcc,0x00,0xaa,0xff,
    0xcc,0x00,0xcc,0xff,0xcc,0x00,0xcc,0xff,0xcc,0x00,0xcc,0xff,0xcc,0x00,0xcc,0xff,
    0xcc,0x00,0xcc,0xff,0xcc,0x00,0xcc,0xff,0xcc,0x00,0xcc,0xff,0xcc,0x00,0xaa,0xff,
    0xcc,0x00,0x22,0xff,0xcc,0x00,0x00,0xff,0xcc,0x00,0x00,0xff,0xcc,0x00,0x00,0xff,
    0xcc,0x00,0x00,0xff,0xcc,0x00,0x00,0xff,0xcc,0x00,0x00,0xff,0xcc,0x00,0x00,0xff,
    0xcc,0x00,0x00,0xff,0xcc,0x00,0x00,0xff,0xcc,0x00,0x00,0xff,0xcc,0x00,0x00,0xff,
    0xcc,0x00,0x00,0xff,0xcc,0x00,0x00,0xff,0xcc,0x00,0x00,0xff,0xcc,0x00,0x00,0xff,
    0xcc,0x00,0x00,0xff,0xcc,0x00,0x00,0xff,0xcc,0x00,0x00,0xff,0xcc,0x00,0x00,0xff,
    0xcc,0x00,0x00,0xff,0xcc,0x00,0x00,0xff,0xcc,0x00,0x00,0xff,0xcc,0x00,0x00,0xff,
    0xcc,0x00,0x00,0xff,0xcc,0x00,0x00,0xff,0xaa,0x00,0x00,0xff,0x22,0x00,0x00,0xff,
    0x00,0x00,0x00,0xff,0x00,0x00,0x00,0xff,0x00,0x00,0x00,0xff,0x00,0x00,0x00,0xff,
    0x00,0x00,0x00,0xff,0x00,0x00,0x00,0xff,0x00,0x00,0x00,0xff,0x00,0x00,0x00,0xff,
    0x00,0x00,0x00,0xff,0x00,0x00,0x00,0xff,0x00,0x00,0x00,0xff,0x00,0x00,0x00,0xff,
    0x00,0x00,0x00,0xff,0x00,0x00,0x00,0xff,0x00,0x00,0x00,0xff,0x00,0x00,0x00,0xff,
    0x00,0x00,0x00,0xff,0x00,0x00,0x00,0xff,0x00,0x00,0x00,0xff,0x00,0x00,0x00,0xff,
    0x00,0x00,0x00,0xff,0x00,0x00,0x00,0xff,0x00,0x00,0x00,0xff,0x00,0x00,0x00,0xff,
    0x00,0x00,0x00,0xff,0x00,0x00,0x00,0xff,0x00,0x00,0x00,0xff,0x00,0x00,0x00,0xff,
    0x00,0x00,0x00,0xff,0x00,0x00,0x00,0xff,0x00,0x00,0x00,0xff,0x00,0x00,0x00,0xff,
    0x00,0x00,0x00,0xff,0x00,0x00,0x00,0xff,0x00,0x00,0x00,0xff,0x00,0x00,0x00,0xff,
    0x00,0x00,0x00,0xff,0x00,0x00,0x00,0xff,0x00,0x00,0x00,0xff,0x00,0x00,0x00,0xff,
    0x00,0x00,0x00,0xff,0x00,0x00,0x00,0xff,0x00,0x00,0x00,0xff,0x00,0x00,0x00,0xff,
    0x00,0x00,0x00,0xff,0x00,0x00,0x00,0xff,0x00,0x00,0x00,0xff,0x22,0x00,0x06,0xff,
    0xaa,0x00,0x1d,0xff,0xcc,0x00,0x22,0xff,0xcc,0x00,0x22,0xff,0xcc,0x00,0x22,0xff,
    0xcc,0x00,0x22,0xff,0xcc,0x00,0x22,0xff,0xcc,0x00,0x22,0xff,0xcc,0x00,0x22,0xff,
    0xc6,0x00,0x39,0xff,0xaf,0x00,0x93,0xff,0xaa,0x00,0xaa,0xff,0xaa,0x00,0xaa,0xff,
    0xaa,0x00,0xaa,0xff,0xaa,0x00,0xaa,0xff,0xaa,0x00,0xaa,0xff,0xaa,0x00,0xaa,0xff,
    0xaa,0x00,0xaa,0xff,0xaa,0x00,0x8d,0xff,0xaa,0x00,0x1d,0xff,0xaa,0x00,0x00,0xff,
    0xaa,0x00,0x00,0xff,0xaa,0x00,0x00,0xff,0xaa,0x00,0x00,0xff,0xaa,0x00,0x00,0xff,
    0xaa,0x00,0x00,0xff,0xaa,0x00,0x00,0xff,0xaa,0x00,0x00,0xff,0xaa,0x00,0x00,0xff,
    0xaa,0x00,0x00,0xff,0xaa,0x00,0x00,0xff,0xaa,0x00,0x00,0xff,0xaa,0x00,0x00,0xff,
    0xaa,0x00,0x00,0xff,0xaa,0x00,0x00,0xff,0xaa,0x00,0x00,0xff,0xaf,0x06,0x06,0xff,
    0xc6,0x1d,0x1d,0xff,0xcc,0x22,0x22,0xff,0xcc,0x22,0x22,0xff,0xcc,0x22,0x22,0xff,
    0xcc,0x22,0x22,0xff,0xcc,0x22,0x22,0xff,0xcc,0x22,0x22,0xff,0xcc,0x22,0x22,0xff,
    0xaa,0x1d,0x1d,0xff,0x22,0x06,0x06,0xff,0x00,0x00,0x00,0xff,0x00,0x00,0x00,0xff,
    0x00,0x00,0x00,0xff,0x00,0x00,0x00,0xff,0x00,0x00,0x00,0xff,0x00,0x00,0x00,0xff,
    0x00,0x00,0x00,0xff,0x00,0x00,0x00,0xff,0x00,0x00,0x00,0xff,0x00,0x00,0x00,0xff,
    0x00,0x00,0x00,0xff,0x00,0x00,0x00,0xff,0x00,0x00,0x00,0xff,0x00,0x00,0x00,0xff,
    0x00,0x00,0x00,0xff,0x00,0x00,0x00,0xff,0x00,0x00,0x00,0xff,0x00,0x00,0x00,0xff,
    0x00,0x00,0x00,0xff,0x00,0x00,0x00,0xff,0x00,0x00,0x00,0xff,0x00,0x00,0x00,0xff,
    0x00,0x00,0x00,0xff,0x00,0x00,0x00,0xff,0x00,0x00,0x00,0xff,0x00,0x00,0x00,0xff,
    0x00,0x00,0x00,0xff,0x00,0x00,0x00,0xff,0x00,0x00,0x00,0xff,0x00,0x00,0x00,0xff,
    0x00,0x00,0x00,0xff,0x00,0x00,0x00,0xff,0x00,0x00,0x00,0xff,0x00,0x00,0x00,0xff,
    0x00,0x00,0x00,0xff,0x00,0x00,0x00,0xff,0x00,0x00,0x00,0xff,0x00,0x00,0x00,0xff,
    0x00,0x00,0x00,0xff,0x00,0x00,0x00,0xff,0x00,0x00,0x00,0xff,0x00,0x00,0x00,0xff,
    0x00,0x00,0x00,0xff,0x00,0x00,0x00,0xff,0x00,0x00,0x00,0xff,0x00,0x00,0x00,0xff,
    0x00,0x00,0x00,0xff,0x22,0x00,0x1d,0xff,0xaa,0x00,0x8d,0xff,0xcc,0x00,0xaa,0xff,
    0xcc,0x00,0xaa,0xff,0xcc,0x00,0xaa,0xff,0xcc,0x00,0xaa,0xff,0xcc,0x00,0xaa,0xff,
    0xcc,0x00,0xaa,0xff,0xcc,0x00,0xaa,0xff,0xaf,0x00,0x93,0xff,0x3f,0x00,0x39,0xff,
    0x22,0x00,0x22,0xff,0x22,0x00,0x22,0xff,0x22,0x00,0x22,0xff,0x22,0x00,0x22,0xff,
    0x22,0x00,0x22,0xff,0x22,0x00,0x22,0xff,0x22,0x00,0x22,0xff,0x22,0x00,0x1d,0xff,
    0x22,0x00,0x06,0xff,0x22,0x00,0x00,0xff,0x22,0x00,0x00,0xff,0x22,0x00,0x00,0xff,
    0x22,0x00,0x00,0xff,0x22,0x00,0x00,0xff,0x22,0x00,0x00,0xff,0x22,0x00,0x00,0xff,
    0x22,0x00,0x00,0xff,0x22,0x00,0x00,0xff,0x22,0x00,0x00,0xff,0x22,0x00,0x00,0xff,
    0x22,0x00,0x00,0xff,0x22,0x00,0x00,0xff,0x22,0x00,0x00,0xff,0x22,0x00,0x00,0xff,
    0x22,0x00,0x00,0xff,0x3f,0x1d,0x1d,0xff,0xaf,0x8d,0x8d,0xff,0xcc,0xaa,0xaa,0xff,
    0xcc,0xaa,0xaa,0xff,0xcc,0xaa,0xaa,0xff,0xcc,0xaa,0xaa,0xff,0xcc,0xaa,0xaa,0xff,
    0xcc,0xaa,0xaa,0xff,0xcc,0xaa,0xaa,0xff,0xaa,0x8d,0x8d,0xff,0x22,0x1d,0x1d,0xff,
    0x00,0x00,0x00,0xff,0x00,0x00,0x00,0xff,0x00,0x00,0x00,0xff,0x00,0x00,0x00,0xff,
    0x00,0x00,0x00,0xff,0x00,0x00,0x00,0xff,0x00,0x00,0x00,0xff,0x00,0x00,0x00,0xff,
    0x00,0x00,0x00,0xff,0x00,0x00,0x00,0xff,0x00,0x00,0x00,0xff,0x00,0x00,0x00,0xff,
    0x00,0x00,0x00,0xff,0x00,0x00,0x00,0xff,0x00,0x00,0x00,0xff,0x00,0x00,0x00,0xff,
    0x00,0x00,0x00,0xff,0x00,0x00,0x00,0xff,0x00,0x00,0x00,0xff,0x00,0x00,0x00,0xff,
    0x00,0x00,0x00,0xff,0x00,0x00,0x00,0xff,0x00,0x00,0x00,0xff,0x00,0x00,0x00,0xff,
    0x00,0x00,0x00,0xff,0x00,0x00,0x00,0xff,0x00,0x00,0x00,0xff,0x00,0x00,0x00,0xff,
    0x00,0x00,0x00,0xff,0x00,0x00,0x00,0xff,0x00,0x00,0x00,0xff,0x00,0x00,0x00,0xff,
    0x00,0x00,0x00,0xff,0x00,0x00,0x00,0xff,0x00,0x00,0x00,0xff,0x00,0x00,0x00,0xff,
    0x00,0x00,0x00,0xff,0x00,0x00,0x00,0xff,0x00,0x00,0x00,0xff,0x00,0x00,0x00,0xff,
    0x00,0x00,0x00,0xff,0x00,0x00,0x00,0xff,0x00,0x00,0x00,0xff,0x00,0x00,0x00,0xff,
    0x00,0x00,0x00,0xff,0x00,0x00,0x00,0xff,0x00,0x00,0x00,0xff,0x22,0x00,0x22,0xff,
    0xaa,0x00,0xaa,0xff,0xcc,0x00,0xcc,0xff,0xcc,0x00,0xcc,0xff,0xcc,0x00,0xcc,0xff,
    0xcc,0x00,0xcc,0xff,0xcc,0x00,0xcc,0xff,0xcc,0x00,0xcc,0xff,0xcc,0x00,0xcc,0xff,
    0xaa,0x00,0xaa,0xff,0x22,0x00,0x22,0xff,0x00,0x00,0x00,0xff,0x00,0x00,0x00,0xff,
    0x00,0x00,0x00,0xff,0x00,0x00,0x00,0xff,0x00,0x00,0x00,0xff,0x00,0x00,0x00,0xff,
    0x00,0x00,0x00,0xff,0x00,0x00,0x00,0xff,0x00,0x00,0x00,0xff,0x00,0x00,0x00,0xff,
    0x00,0x00,0x00,0xff,0x00,0x00,0x00,0xff,0x00,0x00,0x00,0xff,0x00,0x00,0x00,0xff,
    0x00,0x00,0x00,0xff,0x00,0x00,0x00,0xff,0x00,0x00,0x00,0xff,0x00,0x00,0x00,0xff,
    0x00,0x00,0x00,0xff,0x00,0x00,0x00,0xff,0x00,0x00,0x00,0xff,0x00,0x00,0x00,0xff,
    0x00,0x00,0x00,0xff,0x00,0x00,0x00,0xff,0x00,0x00,0x00,0xff,0x22,0x22,0x22,0xff,
    0xaa,0xaa,0xaa,0xff,0xcc,0xcc,0xcc,0xff,0xcc,0xcc,0xcc,0xff,0xcc,0xcc,0xcc,0xff,
    0xcc,0xcc,0xcc,0xff,0xcc,0xcc,0xcc,0xff,0xcc,0xcc,0xcc,0xff,0xcc,0xcc,0xcc,0xff,
    0xaa,0xaa,0xaa,0xff,0x22,0x22,0x22,0xff,0x00,0x00,0x00,0xff,0x00,0x00,0x00,0xff,
    0x00,0x00,0x00,0xff,0x00,0x00,0x00,0xff,0x00,0x00,0x00,0xff,0x00,0x00,0x00,0xff,
    0x00,0x00,0x00,0xff,0x00,0x00,0x00,0xff,0x00,0x00,0x00,0xff,0x00,0x00,0x00,0xff,
    0x00,0x00,0x00,0xff,0x00,0x00,0x00,0xff,0x00,0x00,0x00,0xff,0x00,0x00,0x00,0xff,
    0x00,0x00,0x00,0xff,0x00,0x00,0x00,0xff,0x00,0x00,0x00,0xff,0x00,0x00,0x00,0xff,
    0x00,0x00,0x00,0xff,0x00,0x00,0x00,0xff,0x00,0x00,0x00,0xff,0x00,0x00,0x00,0xff,
    0x00,0x00,0x00,0xff,0x00,0x00,0x00,0xff,0x00,0x00,0x00,0xff,0x00,0x00,0x00,0xff,
    0x00,0x00,0x00,0xff,0x00,0x00,0x00,0xff,0x00,0x00,0x00,0xff,0x00,0x00,0x00,0xff,
    0x00,0x00,0x00,0xff,0x00,0x00,0x00,0xff,0x00,0x00,0x00,0xff,0x00,0x00,0x00,0xff,
    0x00,0x00,0x00,0xff,0x00,0x00,0x00,0xff,0x00,0x00,0x00,0xff,0x00,0x00,0x00,0xff,
    0x00,0x00,0x00,0xff,0x00,0x00,0x00,0xff,0x00,0x00,0x00,0xff,0x00,0x00,0x00,0xff,
    0x00,0x00,0x00,0xff,0x00,0x00,0x00,0xff,0x00,0x00,0x00,0xff,0x00,0x00,0x00,0xff,
    0x00,0x00,0x00,0xff,0x22,0x00,0x22,0xff,0xaa,0x00,0xaa,0xff,0xcc,0x00,0xcc,0xff,
    0xcc,0x00,0xcc,0xff,0xcc,0x00,0xcc,0xff,0xcc,0x00,0xcc,0xff,0xcc,0x00,0xcc,0xff,
    0xcc,0x00,0xcc,0xff,0xcc,0x00,0xcc,0xff,0xaa,0x00,0xaa,0xff,0x22,0x00,0x22,0xff,
    0x00,0x00,0x00,0xff,0x00,0x00,0x00,0xff,0x00,0x00,0x00,0xff,0x00,0x00,0x00,0xff,
    0x00,0x00,0x00,0xff,0x00,0x00,0x00,0xff,0x00,0x00,0x00,0xff,0x00,0x00,0x00,0xff,
    0x00,0x00,0x00,0xff,0x00,0x00,0x00,0xff,0x00,0x00,0x00,0xff,0x00,0x00,0x00,0xff,
    0x00,0x00,0x00,0xff,0x00,0x00,0x00,0xff,0x00,0x00,0x00,0xff,0x00,0x00,0x00,0xff,
    0x00,0x00,0x00,0xff,0x00,0x00,0x00,0xff,0x00,0x00,0x00,0xff,0x00,0x00,0x00,0xff,
    0x00,0x00,0x00,0xff,0x00,0x00,0x00,0xff,0x00,0x00,0x00,0xff,0x00,0x00,0x00,0xff,
    0x00,0x00,0x00,0xff,0x22,0x22,0x22,0xff,0xaa,0xaa,0xaa,0xff,0xcc,0xcc,0xcc,0xff,
    0xcc,0xcc,0xcc,0xff,0xcc,0xcc,0xcc,0xff,0xcc,0xcc,0xcc,0xff,0xcc,0xcc,0xcc,0xff,
    0xcc,0xcc,0xcc,0xff,0xcc,0xcc,0xcc,0xff,0xaa,0xaa,0xaa,0xff,0x22,0x22,0x22,0xff,
    0x00,0x00,0x00,0xff,0x00,0x00,0x00,0xff,0x00,0x00,0x00,0xff,0x00,0x00,0x00,0xff,
    0x00,0x00,0x00,0xff,0x00,0x00,0x00,0xff,0x00,0x00,0x00,0xff,0x00,0x00,0x00,0xff,
    0x00,0x00,0x00,0xff,0x00,0x00,0x00,0xff,0x00,0x00,0x00,0xff,0x00,0x00,0x00,0xff,
    0x00,0x00,0x00,0xff,0x00,0x00,0x00,0xff,0x00,0x00,0x00,0xff,0x00,0x00,0x00,0xff,
    0x00,0x00,0x00,0xff,0x00,0x00,0x00,0xff,0x00,0x00,0x00,0xff,0x00,0x00,0x00,0xff,
    0x00,0x00,0x00,0xff,0x00,0x00,0x00,0xff,0x00,0x00,0x00,0xff,0x00,0x00,0x00,0xff,
    0x00,0x00,0x00,0xff,0x00,0x00,0x00,0xff,0x00,0x00,0x00,0xff,0x00,0x00,0x00,0xff,
    0x00,0x00,0x00,0xff,0x00,0x00,0x00,0xff,0x00,0x00,0x00,0xff,0x00,0x00,0x00,0xff,
    0x00,0x00,0x00,0xff,0x00,0x00,0x00,0xff,0x00,0x00,0x00,0xff,0x00,0x00,0x00,0xff,
    0x00,0x00,0x00,0xff,0x00,0x00,0x00,0xff,0x00,0x00,0x00,0xff,0x00,0x00,0x00,0xff,
    0x00,0x00,0x00,0xff,0x00,0x00,0x00,0xff,0x00,0x00,0x00,0xff,0x00,0x00,0x00,0xff,
    0x00,0x00,0x00,0xff,0x00,0x00,0x00,0xff,0x00,0x00,0x00,0xff,0x22,0x00,0x22,0xff,
    0xaa,0x00,0xaa,0xff,0xcc,0x00,0xcc,0xff,0xcc,0x00,0xcc,0xff,0xcc,0x00,0xcc,0xff,
    0xcc,0x00,0xcc,0xff,0xcc,0x00,0xcc,0xff,0xcc,0x00,0xcc,0xff,0xcc,0x00,0xcc,0xff,
    0xaa,0x00,0xaa,0xff,0x22,0x00,0x22,0xff,0x00,0x00,0x00,0xff,0x00,0x00,0x00,0xff,
    0x00,0x00,0x00,0xff,0x00,0x00,0x00,0xff,0x00,0x00,0x00,0xff,0x00,0x00,0x00,0xff,
    0x00,0x00,0x00,0xff,0x00,0x00,0x00,0xff,0x00,0x00,0x00,0xff,0x00,0x00,0x00,0xff,
    0x00,0x00,0x00,0xff,0x00,0x00,0x00,0xff,0x00,0x00,0x00,0xff,0x00,0x00,0x00,0xff,
    0x00,0x00,0x00,0xff,0x00,0x00,0x00,0xff,0x00,0x00,0x00,0xff,0x00,0x00,0x00,0xff,
    0x00,0x00,0x00,0xff,0x00,0x00,0x00,0xff,0x00,0x00,0x00,0xff,0x00,0x00,0x00,0xff,
    0x00,0x00,0x00,0xff,0x00,0x00,0x00,0xff,0x00,0x00,0x00,0xff,0x22,0x22,0x22,0xff,
    0xaa,0xaa,0xaa,0xff,0xcc,0xcc,0xcc,0xff,0xcc,0xcc,0xcc,0xff,0xcc,0xcc,0xcc,0xff,
    0xcc,0xcc,0xcc,0xff,0xcc,0xcc,0xcc,0xff,0xcc,0xcc,0xcc,0xff,0xcc,0xcc,0xcc,0xff,
    0xaa,0xaa,0xaa,0xff,0x22,0x22,0x22,0xff,0x00,0x00,0x00,0xff,0x00,0x00,0x00,0xff,
    0x00,0x00,0x00,0xff,0x00,0x00,0x00,0xff,0x00,0x00,0x00,0xff,0x00,0x00,0x00,0xff,
    0x00,0x00,0x00,0xff,0x00,0x00,0x00,0xff,0x00,0x00,0x00,0xff,0x00,0x00,0x00,0xff,
    0x00,0x00,0x00,0xff,0x00,0x00,0x00,0xff,0x00,0x00,0x00,0xff,0x00,0x00,0x00,0xff,
    0x00,0x00,0x00,0xff,0x00,0x00,0x00,0xff,0x00,0x00,0x00,0xff,0x00,0x00,0x00,0xff,
    0x00,0x00,0x00,0xff,0x00,0x00,0x00,0xff,0x00,0x00,0x00,0xff,0x00,0x00,0x00,0xff,
    0x00,0x00,0x00,0xff,0x00,0x00,0x00,0xff,0x00,0x00,0x00,0xff,0x00,0x00,0x00,0xff,
    0x00,0x00,0x00,0xff,0x00,0x00,0x00,0xff,0x00,0x00,0x00,0xff,0x00,0x00,0x00,0xff,
    0x00,0x00,0x00,0xff,0x00,0x00,0x00,0xff,0x00,0x00,0x00,0xff,0x00,0x00,0x00,0xff,
    0x00,0x00,0x00,0xff,0x00,0x00,0x00,0xff,0x00,0x00,0x00,0xff,0x00,0x00,0x00,0xff,
    0x00,0x00,0x00,0xff,0x00,0x00,0x00,0xff,0x00,0x00,0x00,0xff,0x00,0x00,0x00,0xff,
    0x00,0x00,0x00,0xff,0x00,0x00,0x00,0xff,0x00,0x00,0x00,0xff,0x00,0x00,0x00,0xff,
    0x00,0x00,0x00,0xff,0x22,0x00,0x22,0xff,0xaa,0x00,0xaa,0xff,0xcc,0x00,0xcc,0xff,
    0xcc,0x00,0xcc,0xff,0xcc,0x00,0xcc,0xff,0xcc,0x00,0xcc,0xff,0xcc,0x00,0xcc,0xff,
    0xcc,0x00,0xcc,0xff,0xcc,0x00,0xcc,0xff,0xbb,0x00,0xaa,0xff,0x78,0x00,0x22,0xff,
    0x66,0x00,0x00,0xff,0x66,0x00,0x00,0xff,0x66,0x00,0x00,0xff,0x66,0x00,0x00,0xff,
    0x66,0x00,0x00,0xff,0x66,0x00,0x00,0xff,0x66,0x00,0x00,0xff,0x66,0x00,0x00,0xff,
    0x66,0x00,0x00,0xff,0x66,0x00,0x00,0xff,0x66,0x00,0x00,0xff,0x66,0x00,0x00,0xff,
    0x66,0x00,0x00,0xff,0x66,0x00,0x00,0xff,0x66,0x00,0x00,0xff,0x66,0x00,0x00,0xff,
    0x66,0x00,0x00,0xff,0x66,0x00,0x00,0xff,0x66,0x00,0x00,0xff,0x66,0x00,0x00,0xff,
    0x66,0x00,0x00,0xff,0x66,0x00,0x00,0xff,0x66,0x00,0x00,0xff,0x66,0x00,0x00,0xff,
    0x66,0x00,0x00,0xff,0x77,0x11,0x11,0xff,0xba,0x54,0x54,0xff,0xcc,0x66,0x66,0xff,
    0xcc,0x66,0x66,0xff,0xcc,0x66,0x66,0xff,0xcc,0x66,0x66,0xff,0xcc,0x66,0x66,0xff,
    0xcc,0x66,0x66,0xff,0xcc,0x66,0x66,0xff,0xbb,0x55,0x55,0xff,0x78,0x11,0x11,0xff,
    0x66,0x00,0x00,0xff,0x66,0x00,0x00,0xff,0x66,0x00,0x00,0xff,0x66,0x00,0x00,0xff,
    0x66,0x00,0x00,0xff,0x66,0x00,0x00,0xff,0x66,0x00,0x00,0xff,0x54,0x00,0x00,0xff,
    0x11,0x00,0x00,0xff,0x00,0x00,0x00,0xff,0x00,0x00,0x00,0xff,0x00,0x00,0x00,0xff,
    0x00,0x00,0x00,0xff,0x00,0x00,0x00,0xff,0x00,0x00,0x00,0xff,0x00,0x00,0x00,0xff,
    0x00,0x00,0x00,0xff,0x00,0x00,0x00,0xff,0x00,0x00,0x00,0xff,0x00,0x00,0x00,0xff,
    0x00,0x00,0x00,0xff,0x00,0x00,0x00,0xff,0x00,0x00,0x00,0xff,0x00,0x00,0x00,0xff,
    0x00,0x00,0x00,0xff,0x00,0x00,0x00,0xff,0x00,0x00,0x00,0xff,0x00,0x00,0x00,0xff,
    0x00,0x00,0x00,0xff,0x00,0x00,0x00,0xff,0x00,0x00,0x00,0xff,0x00,0x00,0x00,0xff,
    0x00,0x00,0x00,0xff,0x00,0x00,0x00,0xff,0x00,0x00,0x00,0xff,0x00,0x00,0x00,0xff,
    0x00,0x00,0x00,0xff,0x00,0x00,0x00,0xff,0x00,0x00,0x00,0xff,0x00,0x00,0x00,0xff,
    0x00,0x00,0x00,0xff,0x00,0x00,0x00,0xff,0x00,0x00,0x00,0xff,0x00,0x00,0x00,0xff,
    0x00,0x00,0x00,0xff,0x00,0x00,0x00,0xff,0x00,0x00,0x00,0xff,0x22,0x00,0x22,0xff,
    0xaa,0x00,0xaa,0xff,0xcc,0x00,0xcc,0xff,0xcc,0x00,0xcc,0xff,0xcc,0x00,0xcc,0xff,
    0xcc,0x00,0xcc,0xff,0xcc,0x00,0xcc,0xff,0xcc,0x00,0xcc,0xff,0xcc,0x00,0xcc,0xff,
    0xcc,0x00,0xaa,0xff,0xcc,0x00,0x22,0xff,0xcc,0x00,0x00,0xff,0xcc,0x00,0x00,0xff,
    0xcc,0x00,0x00,0xff,0xcc,0x00,0x00,0xff,0xcc,0x00,0x00,0xff,0xcc,0x00,0x00,0xff,
    0xcc,0x00,0x00,0xff,0xcc,0x00,0x00,0xff,0xcc,0x00,0x00,0xff,0xcc,0x00,0x00,0xff,
    0xcc,0x00,0x00,0xff,0xcc,0x00,0x00,0xff,0xcc,0x00,0x00,0xff,0xcc,0x00,0x00,0xff,
    0xcc,0x00,0x00,0xff,0xcc,0x00,0x00,0xff,0xcc,0x00,0x00,0xff,0xcc,0x00,0x00,0xff,
    0xcc,0x00,0x00,0xff,0xcc,0x00,0x00,0xff,0xcc,0x00,0x00,0xff,0xcc,0x00,0x00,0xff,
    0xcc,0x00,0x00,0xff,0xcc,0x00,0x00,0xff,0xcc,0x00,0x00,0xff,0xcc,0x00,0x00,0xff,
    0xcc,0x00,0x00,0xff,0xcc,0x00,0x00,0xff,0xcc,0x00,0x00,0xff,0xcc,0x00,0x00,0xff,
    0xcc,0x00,0x00,0xff,0xcc,0x00,0x00,0xff,0xcc,0x00,0x00,0xff,0xcc,0x00,0x00,0xff,
    0xcc,0x00,0x00,0xff,0xcc,0x00,0x00,0xff,0xcc,0x00,0x00,0xff,0xcc,0x00,0x00,0xff,
    0xcc,0x00,0x00,0xff,0xcc,0x00,0x00,0xff,0xcc,0x00,0x00,0xff,0xcc,0x00,0x00,0xff,
    0xcc,0x00,0x00,0xff,0xaa,0x00,0x00,0xff,0x22,0x00,0x00,0xff,0x00,0x00,0x00,0xff,
    0x00,0x00,0x00,0xff,0x00,0x00,0x00,0xff,0x00,0x00,0x00,0xff,0x00,0x00,0x00,0xff,
    0x00,0x00,0x00,0xff,0x00,0x00,0x00,0xff,0x00,0x00,0x00,0xff,0x00,0x00,0x00,0xff,
    0x00,0x00,0x00,0xff,0x00,0x00,0x00,0xff,0x00,0x00,0x00,0xff,0x00,0x00,0x00,0xff,
    0x00,0x00,0x00,0xff,0x00,0x00,0x00,0xff,0x00,0x00,0x00,0xff,0x00,0x00,0x00,0xff,
    0x00,0x00,0x00,0xff,0x00,0x00,0x00,0xff,0x00,0x00,0x00,0xff,0x00,0x00,0x00,0xff,
    0x00,0x00,0x00,0xff,0x00,0x00,0x00,0xff,0x00,0x00,0x00,0xff,0x00,0x00,0x00,0xff,
    0x00,0x00,0x00,0xff,0x00,0x00,0x00,0xff,0x00,0x00,0x00,0xff,0x00,0x00,0x00,0xff,
    0x00,0x00,0x00,0xff,0x00,0x00,0x00,0xff,0x00,0x00,0x00,0xff,0x00,0x00,0x00,0xff,
    0x00,0x00,0x00,0xff,0x00,0x00,0x00,0xff,0x00,0x00,0x00,0xff,0x00,0x00,0x00,0xff,
    0x00,0x00,0x00,0xff,0x22,0x00,0x22,0xff,0xaa,0x00,0xaa,0xff,0xcc,0x00,0xcc,0xff,
    0xcc,0x00,0xcc,0xff,0xcc,0x00,0xcc,0xff,0xcc,0x00,0xcc,0xff,0xcc,0x00,0xcc,0xff,
    0xcc,0x00,0xcc,0xff,0xcc,0x00,0xcc,0xff,0xcc,0x00,0xaa,0xff,0xcc,0x00,0x22,0xff,
    0xcc,0x00,0x00,0xff,0xcc,0x00,0x00,0xff,0xcc,0x00,0x00,0xff,0xcc,0x00,0x00,0xff,
    0xcc,0x00,0x00,0xff,0xcc,0x00,0x00,0xff,0xcc,0x00,0x00,0xff,0xcc,0x00,0x00,0xff,
    0xcc,0x00,0x00,0xff,0xcc,0x00,0x00,0xff,0xcc,0x00,0x00,0xff,0xcc,0x00,0x00,0xff,
    0xcc,0x00,0x00,0xff,0xcc,0x00,0x00,0xff,0xcc,0x00,0x00,0xff,0xcc,0x00,0x00,0xff,
    0xcc,0x00,0x00,0xff,0xcc,0x00,0x00,0xff,0xcc,0x00,0x00,0xff,0xcc,0x00,0x00,0xff,
    0xcc,0x00,0x00,0xff,0xcc,0x00,0x00,0xff,0xcc,0x00,0x00,0xff,0xcc,0x00,0x00,0xff,
    0xcc,0x00,0x00,0xff,0xcc,0x00,0x00,0xff,0xcc,0x00,0x00,0xff,0xcc,0x00,0x00,0xff,
    0xcc,0x00,0x00,0xff,0xcc,0x00,0x00,0xff,0xcc,0x00,0x00,0xff,0xcc,0x00,0x00,0xff,
    0xcc,0x00,0x00,0xff,0xcc,0x00,0x00,0xff,0xcc,0x00,0x00,0xff,0xcc,0x00,0x00,0xff,
    0xcc,0x00,0x00,0xff,0xcc,0x00,0x00,0xff,0xcc,0x00,0x00,0xff,0xcc,0x00,0x00,0xff,
    0xcc,0x00,0x00,0xff,0xcc,0x00,0x00,0xff,0xcc,0x00,0x00,0xff,0xaa,0x00,0x00,0xff,
    0x22,0x00,0x00,0xff,0x00,0x00,0x00,0xff,0x00,0x00,0x00,0xff,0x00,0x00,0x00,0xff,
    0x00,0x00,0x00,0xff,0x00,0x00,0x00,0xff,0x00,0x00,0x00,0xff,0x00,0x00,0x00,0xff,
    0x00,0x00,0x00,0xff,0x00,0x00,0x00,0xff,0x00,0x00,0x00,0xff,0x00,0x00,0x00,0xff,
    0x00,0x00,0x00,0xff,0x00,0x00,0x00,0xff,0x00,0x00,0x00,0xff,0x00,0x00,0x00,0xff,
    0x00,0x00,0x00,0xff,0x00,0x00,0x00,0xff,0x00,0x00,0x00,0xff,0x00,0x00,0x00,0xff,
    0x00,0x00,0x00,0xff,0x00,0x00,0x00,0xff,0x00,0x00,0x00,0xff,0x00,0x00,0x00,0xff,
    0x00,0x00,0x00,0xff,0x00,0x00,0x00,0xff,0x00,0x00,0x00,0xff,0x00,0x00,0x00,0xff,
    0x00,0x00,0x00,0xff,0x00,0x00,0x00,0xff,0x00,0x00,0x00,0xff,0x00,0x00,0x00,0xff,
    0x00,0x00,0x00,0xff,0x00,0x00,0x00,0xff,0x00,0x00,0x00,0xff,0x00,0x00,0x00,0xff,
    0x00,0x00,0x00,0xff,0x00,0x00,0x00,0xff,0x00,0x00,0x00,0xff,0x22,0x00,0x22,0xff,
    0xaa,0x00,0xaa,0xff,0xcc,0x00,0xcc,0xff,0xcc,0x00,0xcc,0xff,0xcc,0x00,0xcc,0xff,
    0xcc,0x00,0xcc,0xff,0xcc,0x00,0xcc,0xff,0xcc,0x00,0xcc,0xff,0xcc,0x00,0xcc,0xff,
    0xcc,0x00,0xaa,0xff,0xcc,0x00,0x22,0xff,0xcc,0x00,0x00,0xff,0xcc,0x00,0x00,0xff,
    0xcc,0x00,0x00,0xff,0xcc,0x00,0x00,0xff,0xcc,0x00,0x00,0xff,0xcc,0x00,0x00,0xff,
    0xcc,0x00,0x00,0xff,0xcc,0x00,0x00,0xff,0xcc,0x00,0x00,0xff,0xcc,0x00,0x00,0xff,
    0xcc,0x00,0x00,0xff,0xcc,0x00,0x00,0xff,0xcc,0x00,0x00,0xff,0xcc,0x00,0x00,0xff,
    0xcc,0x00,0x00,0xff,0xcc,0x00,0x00,0xff,0xcc,0x00,0x00,0xff,0xcc,0x00,0x00,0xff,
    0xcc,0x00,0x00,0xff,0xcc,0x00,0x00,0xff,0xcc,0x00,0x00,0xff,0xcc,0x00,0x00,0xff,
    0xcc,0x00,0x00,0xff,0xcc,0x00,0x00,0xff,0xcc,0x00,0x00,0xff,0xcc,0x00,0x00,0xff,
    0xcc,0x00,0x00,0xff,0xcc,0x00,0x00,0xff,0xcc,0x00,0x00,0xff,0xcc,0x00,0x00,0xff,
    0xcc,0x00,0x00,0xff,0xcc,0x00,0x00,0xff,0xcc,0x00,0x00,0xff,0xcc,0x00,0x00,0xff,
    0xcc,0x00,0x00,0xff,0xcc,0x00,0x00,0xff,0xcc,0x00,0x00,0xff,0xcc,0x00,0x00,0xff,
    0xcc,0x00,0x00,0xff,0xcc,0x00,0x00,0xff,0xcc,0x00,0x00,0xff,0xcc,0x00,0x00,0xff,
    0xcc,0x00,0x00,0xff,0xaa,0x00,0x00,0xff,0x22,0x00,0x00,0xff,0x00,0x00,0x00,0xff,
    0x00,0x00,0x00,0xff,0x00,0x00,0x00,0xff,0x00,0x00,0x00,0xff,0x00,0x00,0x00,0xff,
    0x00,0x00,0x00,0xff,0x00,0x00,0x00,0xff,0x00,0x00,0x00,0xff,0x00,0x00,0x00,0xff,
    0x00,0x00,0x00,0xff,0x00,0x00,0x00,0xff,0x00,0x00,0x00,0xff,0x00,0x00,0x00,0xff,
    0x00,0x00,0x00,0xff,0x00,0x00,0x00,0xff,0x00,0x00,0x00,0xff,0x00,0x00,0x00,0xff,
    0x00,0x00,0x00,0xff,0x00,0x00,0x00,0xff,0x00,0x00,0x00,0xff,0x00,0x00,0x00,0xff,
    0x00,0x00,0x00,0xff,0x00,0x00,0x00,0xff,0x00,0x00,0x00,0xff,0x00,0x00,0x00,0xff,
    0x00,0x00,0x00,0xff,0x00,0x00,0x00,0xff,0x00,0x00,0x00,0xff,0x00,0x00,0x00,0xff,
    0x00,0x00,0x00,0xff,0x00,0x00,0x00,0xff,0x00,0x00,0x00,0xff,0x00,0x00,0x00,0xff,
    0x00,0x00,0x00,0xff,0x00,0x00,0x00,0xff,0x00,0x00,0x00,0xff,0x00,0x00,0x00,0xff,
    0x00,0x00,0x00,0xff,0x1d,0x00,0x1d,0xff,0x8d,0x00,0x8d,0xff,0xaa,0x00,0xaa,0xff,
    0xaa,0x00,0xaa,0xff,0xaa,0x00,0xaa,0xff,0xaa,0x00,0xaa,0xff,0xaa,0x00,0xaa,0xff,
    0xaa,0x00,0xaa,0xff,0xaa,0x00,0xaa,0xff,0xaa,0x00,0x8d,0xff,0xaa,0x00,0x1d,0xff,
    0xaa,0x00,0x00,0xff,0xaa,0x00,0x00,0xff,0xaa,0x00,0x00,0xff,0xaa,0x00,0x00,0xff,
    0xaa,0x00,0x00,0xff,0xaa,0x00,0x00,0xff,0xaa,0x00,0x00,0xff,0xaa,0x00,0x00,0xff,
    0xaa,0x00,0x00,0xff,0xaa,0x00,0x00,0xff,0xaa,0x00,0x00,0xff,0xaa,0x00,0x00,0xff,
    0xaa,0x00,0x00,0xff,0xaa,0x00,0x00,0xff,0xaa,0x00,0x00,0xff,0xaa,0x00,0x00,0xff,
    0xaa,0x00,0x00,0xff,0xaa,0x00,0x00,0xff,0xaa,0x00,0x00,0xff,0xaa,0x00,0x00,0xff,
    0xaa,0x00,0x00,0xff,0xaa,0x00,0x00,0xff,0xaa,0x00,0x00,0xff,0xaa,0x00,0x00,0xff,
    0xaa,0x00,0x00,0xff,0xaa,0x00,0x00,0xff,0xaa,0x00,0x00,0xff,0xaa,0x00,0x00,0xff,
    0xaa,0x00,0x00,0xff,0xaa,0x00,0x00,0xff,0xaa,0x00,0x00,0xff,0xaa,0x00,0x00,0xff,
    0xaa,0x00,0x00,0xff,0xaa,0x00,0x00,0xff,0xaa,0x00,0x00,0xff,0xaa,0x00,0x00,0xff,
    0xaa,0x00,0x00,0xff,0xaa,0x00,0x00,0xff,0xaa,0x00,0x00,0xff,0xaa,0x00,0x00,0xff,
    0xaa,0x00,0x00,0xff,0xaa,0x00,0x00,0xff,0xaa,0x00,0x00,0xff,0x8d,0x00,0x00,0xff,
    0x1d,0x00,0x00,0xff,0x00,0x00,0x00,0xff,0x00,0x00,0x00,0xff,0x00,0x00,0x00,0xff,
    0x00,0x00,0x00,0xff,0x00,0x00,0x00,0xff,0x00,0x00,0x00,0xff,0x00,0x00,0x00,0xff,
    0x00,0x00,0x00,0xff,0x00,0x00,0x00,0xff,0x00,0x00,0x00,0xff,0x00,0x00,0x00,0xff,
    0x00,0x00,0x00,0xff,0x00,0x00,0x00,0xff,0x00,0x00,0x00,0xff,0x00,0x00,0x00,0xff,
    0x00,0x00,0x00,0xff,0x00,0x00,0x00,0xff,0x00,0x00,0x00,0xff,0x00,0x00,0x00,0xff,
    0x00,0x00,0x00,0xff,0x00,0x00,0x00,0xff,0x00,0x00,0x00,0xff,0x00,0x00,0x00,0xff,
    0x00,0x00,0x00,0xff,0x00,0x00,0x00,0xff,0x00,0x00,0x00,0xff,0x00,0x00,0x00,0xff,
    0x00,0x00,0x00,0xff,0x00,0x00,0x00,0xff,0x00,0x00,0x00,0xff,0x00,0x00,0x00,0xff,
    0x00,0x00,0x00,0xff,0x00,0x00,0x00,0xff,0x00,0x00,0x00,0xff,0x00,0x00,0x00,0xff,
    0x00,0x00,0x00,0xff,0x00,0x00,0x00,0xff,0x00,0x00,0x00,0xff,0x06,0x00,0x06,0xff,
    0x1d,0x00,0x1d,0xff,0x22,0x00,0x22,0xff,0x22,0x00,0x22,0xff,0x22,0x00,0x22,0xff,
    0x22,0x00,0x22,0xff,0x22,0x00,0x22,0xff,0x22,0x00,0x22,0xff,0x22,0x00,0x22,0xff,
    0x22,0x00,0x1d,0xff,0x22,0x00,0x06,0xff,0x22,0x00,0x00,0xff,0x22,0x00,0x00,0xff,
    0x22,0x00,0x00,0xff,0x22,0x00,0x00,0xff,0x22,0x00,0x00,0xff,0x22,0x00,0x00,0xff,
    0x22,0x00,0x00,0xff,0x22,0x00,0x00,0xff,0x22,0x00,0x00,0xff,0x22,0x00,0x00,0xff,
    0x22,0x00,0x00,0xff,0x22,0x00,0x00,0xff,0x22,0x00,0x00,0xff,0x22,0x00,0x00,0xff,
    0x22,0x00,0x00,0xff,0x22,0x00,0x00,0xff,0x22,0x00,0x00,0xff,0x22,0x00,0x00,0xff,
    0x22,0x00,0x00,0xff,0x22,0x00,0x00,0xff,0x22,0x00,0x00,0xff,0x22,0x00,0x00,0xff,
    0x22,0x00,0x00,0xff,0x22,0x00,0x00,0xff,0x22,0x00,0x00,0xff,0x22,0x00,0x00,0xff,
    0x22,0x00,0x00,0xff,0x22,0x00,0x00,0xff,0x22,0x00,0x00,0xff,0x22,0x00,0x00,0xff,
    0x22,0x00,0x00,0xff,0x22,0x00,0x00,0xff,0x22,0x00,0x00,0xff,0x22,0x00,0x00,0xff,
    0x22,0x00,0x00,0xff,0x22,0x00,0x00,0xff,0x22,0x00,0x00,0xff,0x22,0x00,0x00,0xff,
    0x22,0x00,0x00,0xff,0x22,0x00,0x00,0xff,0x22,0x00,0x00,0xff,0x22,0x00,0x00,0xff,
    0x22,0x00,0x00,0xff,0x1d,0x00,0x00,0xff,0x06,0x00,0x00,0xff,0x00,0x00,0x00,0xff,
    0x00,0x00,0x00,0xff,0x00,0x00,0x00,0xff,0x00,0x00,0x00,0xff,0x00,0x00,0x00,0xff,
    0x00,0x00,0x00,0xff,0x00,0x00,0x00,0xff,0x00,0x00,0x00,0xff,0x00,0x00,0x00,0xff,
    0x00,0x00,0x00,0xff,0x00,0x00,0x00,0xff,0x00,0x00,0x00,0xff,0x00,0x00,0x00,0xff,
    0x00,0x00,0x00,0xff,0x00,0x00,0x00,0xff,0x00,0x00,0x00,0xff,0x00,0x00,0x00,0xff,
    0x00,0x00,0x00,0xff,0x00,0x00,0x00,0xff,0x00,0x00,0x00,0xff,0x00,0x00,0x00,0xff,
    0x00,0x00,0x00,0xff,0x00,0x00,0x00,0xff,0x00,0x00,0x00,0xff,0x00,0x00,0x00,0xff,
    0x00,0x00,0x00,0xff,0x00,0x00,0x00,0xff,0x00,0x00,0x00,0xff,0x00,0x00,0x00,0xff,
    0x00,0x00,0x00,0xff,0x00,0x00,0x00,0xff,0x00,0x00,0x00,0xff,0x00,0x00,0x00,0xff,
    0x00,0x00,0x00,0xff,0x00,0x00,0x00,0xff,0x00,0x00,0x00,0xff,0x00,0x00,0x00,0xff,
    0x00,0x00,0x00,0xff,0x00,0x00,0x00,0xff,0x00,0x00,0x00,0xff,0x00,0x00,0x00,0xff,
    0x00,0x00,0x00,0xff,0x00,0x00,0x00,0xff,0x00,0x00,0x00,0xff,0x00,0x00,0x00,0xff,
    0x00,0x00,0x00,0xff,0x00,0x00,0x00,0xff,0x00,0x00,0x00,0xff,0x00,0x00,0x00,0xff,
    0x00,0x00,0x00,0xff,0x00,0x00,0x00,0xff,0x00,0x00,0x00,0xff,0x00,0x00,0x00,0xff,
    0x00,0x00,0x00,0xff,0x00,0x00,0x00,0xff,0x00,0x00,0x00,0xff,0x00,0x00,0x00,0xff,
    0x00,0x00,0x00,0xff,0x00,0x00,0x00,0xff,0x00,0x00,0x00,0xff,0x00,0x00,0x00,0xff,
    0x00,0x00,0x00,0xff,0x00,0x00,0x00,0xff,0x00,0x00,0x00,0xff,0x00,0x00,0x00,0xff,
    0x00,0x00,0x00,0xff,0x00,0x00,0x00,0xff,0x00,0x00,0x00,0xff,0x00,0x00,0x00,0xff,
    0x00,0x00,0x00,0xff,0x00,0x00,0x00,0xff,0x00,0x00,0x00,0xff,0x00,0x00,0x00,0xff,
    0x00,0x00,0x00,0xff,0x00,0x00,0x00,0xff,0x00,0x00,0x00,0xff,0x00,0x00,0x00,0xff,
    0x00,0x00,0x00,0xff,0x00,0x00,0x00,0xff,0x00,0x00,0x00,0xff,0x00,0x00,0x00,0xff,
    0x00,0x00,0x00,0xff,0x00,0x00,0x00,0xff,0x00,0x00,0x00,0xff,0x00,0x00,0x00,0xff,
    0x00,0x00,0x00,0xff,0x00,0x00,0x00,0xff,0x00,0x00,0x00,0xff,0x00,0x00,0x00,0xff,
    0x00,0x00,0x00,0xff,0x00,0x00,0x00,0xff,0x00,0x00,0x00,0xff,0x00,0x00,0x00,0xff,
    0x00,0x00,0x00,0xff,0x00,0x00,0x00,0xff,0x00,0x00,0x00,0xff,0x00,0x00,0x00,0xff,
    0x00,0x00,0x00,0xff,0x00,0x00,0x00,0xff,0x00,0x00,0x00,0xff,0x00,0x00,0x00,0xff,
    0x00,0x00,0x00,0xff,0x00,0x00,0x00,0xff,0x00,0x00,0x00,0xff,0x00,0x00,0x00,0xff,
    0x00,0x00,0x00,0xff,0x00,0x00,0x00,0xff,0x00,0x00,0x00,0xff,0x00,0x00,0x00,0xff,
    0x00,0x00,0x00,0xff,0x00,0x00,0x00,0xff,0x00,0x00,0x00,0xff,0x00,0x00,0x00,0xff,
    0x00,0x00,0x00,0xff,0x00,0x00,0x00,0xff,0x00,0x00,0x00,0xff,0x00,0x00,0x00,0xff,
    0x00,0x00,0x00,0xff,0x00,0x00,0x00,0xff,0x00,0x00,0x00,0xff,0x00,0x00,0x00,0xff,
    0x00,0x00,0x00,0xff,0x00,0x00,0x00,0xff,0x00,0x00,0x00,0xff,0x00,0x00,0x00,0xff,
    0x00,0x00,0x00,0xff,0x00,0x00,0x00,0xff,0x00,0x00,0x00,0xff,0x00,0x00,0x00,0xff,
    0x00,0x00,0x00,0xff,0x00,0x00,0x00,0xff,0x00,0x00,0x00,0xff,0x00,0x00,0x00,0xff,
    0x00,0x00,0x00,0xff,0x00,0x00,0x00,0xff,0x00,0x00,0x00,0xff,0x00,0x00,0x00,0xff,
    0x00,0x00,0x00,0xff,0x00,0x00,0x00,0xff,0x00,0x00,0x00,0xff,0x00,0x00,0x00,0xff,
    0x00,0x00,0x00,0xff,0x00,0x00,0x00,0xff,0x00,0x00,0x00,0xff,0x00,0x00,0x00,0xff,
    0x00,0x00,0x00,0xff,0x00,0x00,0x00,0xff,0x00,0x00,0x00,0xff,0x00,0x00,0x00,0xff,
    0x00,0x00,0x00,0xff,0x00,0x00,0x00,0xff,0x00,0x00,0x00,0xff,0x00,0x00,0x00,0xff,
    0x00,0x00,0x00,0xff,0x00,0x00,0x00,0xff,0x00,0x00,0x00,0xff,0x00,0x00,0x00,0xff,
    0x00,0x00,0x00,0xff,0x00,0x00,0x00,0xff,0x00,0x00,0x00,0xff,0x00,0x00,0x00,0xff,
    0x00,0x00,0x00,0xff,0x00,0x00,0x00,0xff,0x00,0x00,0x00,0xff,0x00,0x00,0x00,0xff,
    0x00,0x00,0x00,0xff,0x00,0x00,0x00,0xff,0x00,0x00,0x00,0xff,0x00,0x00,0x00,0xff,
    0x00,0x00,0x00,0xff,0x00,0x00,0x00,0xff,0x00,0x00,0x00,0xff,0x00,0x00,0x00,0xff,
    0x00,0x00,0x00,0xff,0x00,0x00,0x00,0xff,0x00,0x00,0x00,0xff,0x00,0x00,0x00,0xff,
    0x00,0x00,0x00,0xff,0x00,0x00,0x00,0xff,0x00,0x00,0x00,0xff,0x00,0x00,0x00,0xff,
    0x00,0x00,0x00,0xff,0x00,0x00,0x00,0xff,0x00,0x00,0x00,0xff,0x00,0x00,0x00,0xff,
    0x00,0x00,0x00,0xff,0x00,0x00,0x00,0xff,0x00,0x00,0x00,0xff,0x00,0x00,0x00,0xff,
    0x00,0x00,0x00,0xff,0x00,0x00,0x00,0xff,0x00,0x00,0x00,0xff,0x00,0x00,0x00,0xff,
    0x00,0x00,0x00,0xff,0x00,0x00,0x00,0xff,0x00,0x00,0x00,0xff,0x00,0x00,0x00,0xff,
    0x00,0x00,0x00,0xff,0x00,0x00,0x00,0xff,0x00,0x00,0x00,0xff,0x00,0x00,0x00,0xff,
    0x00,0x00,0x00,0xff,0x00,0x00,0x00,0xff,0x00,0x00,0x00,0xff,0x00,0x00,0x00,0xff,
    0x00,0x00,0x00,0xff,0x00,0x00,0x00,0xff,0x00,0x00,0x00,0xff,0x00,0x00,0x00,0xff,
    0x00,0x00,0x00,0xff,0x00,0x00,0x00,0xff,0x00,0x00,0x00,0xff,0x00,0x00,0x00,0xff,
    0x00,0x00,0x00,0xff,0x00,0x00,0x00,0xff,0x00,0x00,0x00,0xff,0x00,0x00,0x00,0xff,
    0x00,0x00,0x00,0xff,0x00,0x00,0x00,0xff,0x00,0x00,0x00,0xff,0x00,0x00,0x00,0xff,
    0x00,0x00,0x00,0xff,0x00,0x00,0x00,0xff,0x00,0x00,0x00,0xff,0x00,0x00,0x00,0xff,
    0x00,0x00,0x00,0xff,0x00,0x00,0x00,0xff,0x00,0x00,0x00,0xff,0x00,0x00,0x00,0xff,
    0x00,0x00,0x00,0xff,0x00,0x00,0x00,0xff,0x00,0x00,0x00,0xff,0x00,0x00,0x00,0xff,
    0x00,0x00,0x00,0xff,0x00,0x00,0x00,0xff,0x00,0x00,0x00,0xff,0x00,0x00,0x00,0xff,
    0x00,0x00,0x00,0xff,0x00,0x00,0x00,0xff,0x00,0x00,0x00,0xff,0x00,0x00,0x00,0xff,
    0x00,0x00,0x00,0xff,0x00,0x00,0x00,0xff,0x00,0x00,0x00,0xff,0x00,0x00,0x00,0xff,
    0x00,0x00,0x00,0xff,0x00,0x00,0x00,0xff,0x00,0x00,0x00,0xff,0x00,0x00,0x00,0xff,
    0x00,0x00,0x00,0xff,0x00,0x00,0x00,0xff,0x00,0x00,0x00,0xff,0x00,0x00,0x00,0xff,
    0x00,0x00,0x00,0xff,0x00,0x00,0x00,0xff,0x00,0x00,0x00,0xff,0x00,0x00,0x00,0xff,
    0x00,0x00,0x00,0xff,0x00,0x00,0x00,0xff,0x00,0x00,0x00,0xff,0x00,0x00,0x00,0xff,
    0x00,0x00,0x00,0xff,0x00,0x00,0x00,0xff,0x00,0x00,0x00,0xff,0x00,0x00,0x00,0xff,
    0x00,0x00,0x00,0xff,0x00,0x00,0x00,0xff,0x00,0x00,0x00,0xff,0x00,0x00,0x00,0xff,
    0x00,0x00,0x00,0xff,0x00,0x00,0x00,0xff,0x00,0x00,0x00,0xff,0x00,0x00,0x00,0xff,
    0x00,0x00,0x00,0xff,0x00,0x00,0x00,0xff,0x00,0x00,0x00,0xff,0x00,0x00,0x00,0xff,
    0x00,0x00,0x00,0xff,0x00,0x00,0x00,0xff,0x00,0x00,0x00,0xff,0x00,0x00,0x00,0xff,
    0x00,0x00,0x00,0xff,0x00,0x00,0x00,0xff,0x00,0x00,0x00,0xff,0x00,0x00,0x00,0xff,
    0x00,0x00,0x00,0xff,0x00,0x00,0x00,0xff,0x00,0x00,0x00,0xff,0x00,0x00,0x00,0xff,
    0x00,0x00,0x00,0xff,0x00,0x00,0x00,0xff,0x00,0x00,0x00,0xff,0x00,0x00,0x00,0xff,
    0x00,0x00,0x00,0xff,0x00,0x00,0x00,0xff,0x00,0x00,0x00,0xff,0x00,0x00,0x00,0xff,
    0x00,0x00,0x00,0xff,0x00,0x00,0x00,0xff,0x00,0x00,0x00,0xff,0x00,0x00,0x00,0xff,
    0x00,0x00,0x00,0xff,0x00,0x00,0x00,0xff,0x00,0x00,0x00,0xff,0x00,0x00,0x00,0xff,
    0x00,0x00,0x00,0xff,0x00,0x00,0x00,0xff,0x00,0x00,0x00,0xff,0x00,0x00,0x00,0xff,
    0x00,0x00,0x00,0xff,0x00,0x00,0x00,0xff,0x00,0x00,0x00,0xff,0x00,0x00,0x00,0xff,
    0x00,0x00,0x00,0xff,0x00,0x00,0x00,0xff,0x00,0x00,0x00,0xff,0x00,0x00,0x00,0xff,
    0x00,0x00,0x00,0xff,0x00,0x00,0x00,0xff,0x00,0x00,0x00,0xff,0x11,0x11,0x11,0xff,
    0x55,0x55,0x55,0xff,0x66,0x66,0x66,0xff,0x66,0x66,0x66,0xff,0x66,0x66,0x66,0xff,
    0x66,0x66,0x66,0xff,0x66,0x66,0x66,0xff,0x66,0x66,0x66,0xff,0x66,0x66,0x66,0xff,
    0x66,0x66,0x66,0xff,0x66,0x66,0x66,0xff,0x66,0x66,0x66,0xff,0x66,0x66,0x66,0xff,
    0x66,0x66,0x66,0xff,0x66,0x66,0x66,0xff,0x66,0x66,0x66,0xff,0x66,0x66,0x66,0xff,
    0x66,0x66,0x66,0xff,0x66,0x66,0x66,0xff,0x66,0x66,0x66,0xff,0x66,0x66,0x66,0xff,
    0x66,0x66,0x66,0xff,0x66,0x66,0x66,0xff,0x66,0x66,0x66,0xff,0x66,0x66,0x66,0xff,
    0x66,0x66,0x66,0xff,0x66,0x66,0x66,0xff,0x66,0x66,0x66,0xff,0x66,0x66,0x66,0xff,
    0x66,0x66,0x66,0xff,0x66,0x66,0x66,0xff,0x66,0x66,0x66,0xff,0x66,0x66,0x66,0xff,
    0x66,0x66,0x66,0xff,0x66,0x66,0x66,0xff,0x66,0x66,0x66,0xff,0x66,0x66,0x66,0xff,
    0x66,0x66,0x66,0xff,0x66,0x66,0x66,0xff,0x66,0x66,0x66,0xff,0x66,0x66,0x66,0xff,
    0x66,0x66,0x66,0xff,0x66,0x66,0x66,0xff,0x66,0x66,0x66,0xff,0x66,0x66,0x66,0xff,
    0x66,0x66,0x66,0xff,0x66,0x66,0x66,0xff,0x66,0x66,0x66,0xff,0x66,0x66,0x66,0xff,
    0x66,0x66,0x66,0xff,0x66,0x66,0x66,0xff,0x66,0x66,0x66,0xff,0x66,0x66,0x66,0xff,
    0x66,0x66,0x66,0xff,0x54,0x54,0x54,0xff,0x11,0x11,0x11,0xff,0x00,0x00,0x00,0xff,
    0x00,0x00,0x00,0xff,0x00,0x00,0x00,0xff,0x00,0x00,0x00,0xff,0x00,0x00,0x00,0xff,
    0x00,0x00,0x00,0xff,0x00,0x00,0x00,0xff,0x00,0x00,0x00,0xff,0x00,0x00,0x00,0xff,
    0x00,0x00,0x00,0xff,0x00,0x00,0x00,0xff,0x00,0x00,0x00,0xff,0x00,0x00,0x00,0xff,
    0x00,0x00,0x00,0xff,0x00,0x00,0x00,0xff,0x00,0x00,0x00,0xff,0x00,0x00,0x00,0xff,
    0x00,0x00,0x00,0xff,0x00,0x00,0x00,0xff,0x00,0x00,0x00,0xff,0x00,0x00,0x00,0xff,
    0x00,0x00,0x00,0xff,0x00,0x00,0x00,0xff,0x00,0x00,0x00,0xff,0x00,0x00,0x00,0xff,
    0x00,0x00,0x00,0xff,0x00,0x00,0x00,0xff,0x00,0x00,0x00,0xff,0x00,0x00,0x00,0xff,
    0x00,0x00,0x00,0xff,0x00,0x00,0x00,0xff,0x00,0x00,0x00,0xff,0x00,0x00,0x00,0xff,
    0x00,0x00,0x00,0xff,0x00,0x00,0x00,0xff,0x00,0x00,0x00,0xff,0x00,0x00,0x00,0xff,
    0x00,0x00,0x00,0xff,0x22,0x22,0x22,0xff,0xaa,0xaa,0xaa,0xff,0xcc,0xcc,0xcc,0xff,
    0xcc,0xcc,0xcc,0xff,0xcc,0xcc,0xcc,0xff,0xcc,0xcc,0xcc,0xff,0xcc,0xcc,0xcc,0xff,
    0xcc,0xcc,0xcc,0xff,0xcc,0xcc,0xcc,0xff,0xcc,0xcc,0xcc,0xff,0xcc,0xcc,0xcc,0xff,
    0xcc,0xcc,0xcc,0xff,0xcc,0xcc,0xcc,0xff,0xcc,0xcc,0xcc,0xff,0xcc,0xcc,0xcc,0xff,
    0xcc,0xcc,0xcc,0xff,0xcc,0xcc,0xcc,0xff,0xcc,0xcc,0xcc,0xff,0xcc,0xcc,0xcc,0xff,
    0xcc,0xcc,0xcc,0xff,0xcc,0xcc,0xcc,0xff,0xcc,0xcc,0xcc,0xff,0xcc,0xcc,0xcc,0xff,
    0xcc,0xcc,0xcc,0xff,0xcc,0xcc,0xcc,0xff,0xcc,0xcc,0xcc,0xff,0xcc,0xcc,0xcc,0xff,
    0xcc,0xcc,0xcc,0xff,0xcc,0xcc,0xcc,0xff,0xcc,0xcc,0xcc,0xff,0xcc,0xcc,0xcc,0xff,
    0xcc,0xcc,0xcc,0xff,0xcc,0xcc,0xcc,0xff,0xcc,0xcc,0xcc,0xff,0xcc,0xcc,0xcc,0xff,
    0xcc,0xcc,0xcc,0xff,0xcc,0xcc,0xcc,0xff,0xcc,0xcc,0xcc,0xff,0xcc,0xcc,0xcc,0xff,
    0xcc,0xcc,0xcc,0xff,0xcc,0xcc,0xcc,0xff,0xcc,0xcc,0xcc,0xff,0xcc,0xcc,0xcc,0xff,
    0xcc,0xcc,0xcc,0xff,0xcc,0xcc,0xcc,0xff,0xcc,0xcc,0xcc,0xff,0xcc,0xcc,0xcc,0xff,
    0xcc,0xcc,0xcc,0xff,0xcc,0xcc,0xcc,0xff,0xcc,0xcc,0xcc,0xff,0xcc,0xcc,0xcc,0xff,
    0xcc,0xcc,0xcc,0xff,0xcc,0xcc,0xcc,0xff,0xcc,0xcc,0xcc,0xff,0xaa,0xaa,0xaa,0xff,
    0x22,0x22,0x22,0xff,0x00,0x00,0x00,0xff,0x00,0x00,0x00,0xff,0x00,0x00,0x00,0xff,
    0x00,0x00,0x00,0xff,0x00,0x00,0x00,0xff,0x00,0x00,0x00,0xff,0x00,0x00,0x00,0xff,
    0x00,0x00,0x00,0xff,0x00,0x00,0x00,0xff,0x00,0x00,0x00,0xff,0x00,0x00,0x00,0xff,
    0x00,0x00,0x00,0xff,0x00,0x00,0x00,0xff,0x00,0x00,0x00,0xff,0x00,0x00,0x00,0xff,
    0x00,0x00,0x00,0xff,0x00,0x00,0x00,0xff,0x00,0x00,0x00,0xff,0x00,0x00,0x00,0xff,
    0x00,0x00,0x00,0xff,0x00,0x00,0x00,0xff,0x00,0x00,0x00,0xff,0x00,0x00,0x00,0xff,
    0x00,0x00,0x00,0xff,0x00,0x00,0x00,0xff,0x00,0x00,0x00,0xff,0x00,0x00,0x00,0xff,
    0x00,0x00,0x00,0xff,0x00,0x00,0x00,0xff,0x00,0x00,0x00,0xff,0x00,0x00,0x00,0xff,
    0x00,0x00,0x00,0xff,0x00,0x00,0x00,0xff,0x00,0x00,0x00,0xff,0x00,0x00,0x00,0xff,
    0x00,0x00,0x00,0xff,0x00,0x00,0x00,0xff,0x00,0x00,0x00,0xff,0x22,0x22,0x22,0xff,
    0xaa,0xaa,0xaa,0xff,0xcc,0xcc,0xcc,0xff,0xcc,0xcc,0xcc,0xff,0xcc,0xcc,0xcc,0xff,
    0xcc,0xcc,0xcc,0xff,0xcc,0xcc,0xcc,0xff,0xcc,0xcc,0xcc,0xff,0xcc,0xcc,0xcc,0xff,
    0xcc,0xcc,0xcc,0xff,0xcc,0xcc,0xcc,0xff,0xcc,0xcc,0xcc,0xff,0xcc,0xcc,0xcc,0xff,
    0xcc,0xcc,0xcc,0xff,0xcc,0xcc,0xcc,0xff,0xcc,0xcc,0xcc,0xff,0xcc,0xcc,0xcc,0xff,
    0xcc,0xcc,0xcc,0xff,0xcc,0xcc,0xcc,0xff,0xcc,0xcc,0xcc,0xff,0xcc,0xcc,0xcc,0xff,
    0xcc,0xcc,0xcc,0xff,0xcc,0xcc,0xcc,0xff,0xcc,0xcc,0xcc,0xff,0xcc,0xcc,0xcc,0xff,
    0xcc,0xcc,0xcc,0xff,0xcc,0xcc,0xcc,0xff,0xcc,0xcc,0xcc,0xff,0xcc,0xcc,0xcc,0xff,
    0xcc,0xcc,0xcc,0xff,0xcc,0xcc,0xcc,0xff,0xcc,0xcc,0xcc,0xff,0xcc,0xcc,0xcc,0xff,
    0xcc,0xcc,0xcc,0xff,0xcc,0xcc,0xcc,0xff,0xcc,0xcc,0xcc,0xff,0xcc,0xcc,0xcc,0xff,
    0xcc,0xcc,0xcc,0xff,0xcc,0xcc,0xcc,0xff,0xcc,0xcc,0xcc,0xff,0xcc,0xcc,0xcc,0xff,
    0xcc,0xcc,0xcc,0xff,0xcc,0xcc,0xcc,0xff,0xcc,0xcc,0xcc,0xff,0xcc,0xcc,0xcc,0xff,
    0xcc,0xcc,0xcc,0xff,0xcc,0xcc,0xcc,0xff,0xcc,0xcc,0xcc,0xff,0xcc,0xcc,0xcc,0xff,
    0xcc,0xcc,0xcc,0xff,0xcc,0xcc,0xcc,0xff,0xcc,0xcc,0xcc,0xff,0xcc,0xcc,0xcc,0xff,
    0xcc,0xcc,0xcc,0xff,0xaa,0xaa,0xaa,0xff,0x22,0x22,0x22,0xff,0x00,0x00,0x00,0xff,
    0x00,0x00,0x00,0xff,0x00,0x00,0x00,0xff,0x00,0x00,0x00,0xff,0x00,0x00,0x00,0xff,
    0x00,0x00,0x00,0xff,0x00,0x00,0x00,0xff,0x00,0x00,0x00,0xff,0x00,0x00,0x00,0xff,
    0x00,0x00,0x00,0xff,0x00,0x00,0x00,0xff,0x00,0x00,0x00,0xff,0x00,0x00,0x00,0xff,
    0x00,0x00,0x00,0xff,0x00,0x00,0x00,0xff,0x00,0x00,0x00,0xff,0x00,0x00,0x00,0xff,
    0x00,0x00,0x00,0xff,0x00,0x00,0x00,0xff,0x00,0x00,0x00,0xff,0x00,0x00,0x00,0xff,
    0x00,0x00,0x00,0xff,0x00,0x00,0x00,0xff,0x00,0x00,0x00,0xff,0x00,0x00,0x00,0xff,
    0x00,0x00,0x00,0xff,0x00,0x00,0x00,0xff,0x00,0x00,0x00,0xff,0x00,0x00,0x00,0xff,
    0x00,0x00,0x00,0xff,0x00,0x00,0x00,0xff,0x00,0x00,0x00,0xff,0x00,0x00,0x00,0xff,
    0x00,0x00,0x00,0xff,0x00,0x00,0x00,0xff,0x00,0x00,0x00,0xff,0x00,0x00,0x00,0xff,
    0x00,0x00,0x00,0xff,0x22,0x22,0x22,0xff,0xaa,0xaa,0xaa,0xff,0xcc,0xcc,0xcc,0xff,
    0xcc,0xcc,0xcc,0xff,0xcc,0xcc,0xcc,0xff,0xcc,0xcc,0xcc,0xff,0xcc,0xcc,0xcc,0xff,
    0xcc,0xcc,0xcc,0xff,0xcc,0xcc,0xcc,0xff,0xcc,0xcc,0xcc,0xff,0xcc,0xcc,0xcc,0xff,
    0xcc,0xcc,0xcc,0xff,0xcc,0xcc,0xcc,0xff,0xcc,0xcc,0xcc,0xff,0xcc,0xcc,0xcc,0xff,
    0xcc,0xcc,0xcc,0xff,0xcc,0xcc,0xcc,0xff,0xcc,0xcc,0xcc,0xff,0xcc,0xcc,0xcc,0xff,
    0xcc,0xcc,0xcc,0xff,0xcc,0xcc,0xcc,0xff,0xcc,0xcc,0xcc,0xff,0xcc,0xcc,0xcc,0xff,
    0xcc,0xcc,0xcc,0xff,0xcc,0xcc,0xcc,0xff,0xcc,0xcc,0xcc,0xff,0xcc,0xcc,0xcc,0xff,
    0xcc,0xcc,0xcc,0xff,0xcc,0xcc,0xcc,0xff,0xcc,0xcc,0xcc,0xff,0xcc,0xcc,0xcc,0xff,
    0xcc,0xcc,0xcc,0xff,0xcc,0xcc,0xcc,0xff,0xcc,0xcc,0xcc,0xff,0xcc,0xcc,0xcc,0xff,
    0xcc,0xcc,0xcc,0xff,0xcc,0xcc,0xcc,0xff,0xcc,0xcc,0xcc,0xff,0xcc,0xcc,0xcc,0xff,
    0xcc,0xcc,0xcc,0xff,0xcc,0xcc,0xcc,0xff,0xcc,0xcc,0xcc,0xff,0xcc,0xcc,0xcc,0xff,
    0xcc,0xcc,0xcc,0xff,0xcc,0xcc,0xcc,0xff,0xcc,0xcc,0xcc,0xff,0xcc,0xcc,0xcc,0xff,
    0xcc,0xcc,0xcc,0xff,0xcc,0xcc,0xcc,0xff,0xcc,0xcc,0xcc,0xff,0xcc,0xcc,0xcc,0xff,
    0xcc,0xcc,0xcc,0xff,0xcc,0xcc,0xcc,0xff,0xcc,0xcc,0xcc,0xff,0xaa,0xaa,0xaa,0xff,
    0x22,0x22,0x22,0xff,0x00,0x00,0x00,0xff,0x00,0x00,0x00,0xff,0x00,0x00,0x00,0xff,
    0x00,0x00,0x00,0xff,0x00,0x00,0x00,0xff,0x00,0x00,0x00,0xff,0x00,0x00,0x00,0xff,
    0x00,0x00,0x00,0xff,0x00,0x00,0x00,0xff,0x00,0x00,0x00,0xff,0x00,0x00,0x00,0xff,
    0x00,0x00,0x00,0xff,0x00,0x00,0x00,0xff,0x00,0x00,0x00,0xff,0x00,0x00,0x00,0xff,
    0x00,0x00,0x00,0xff,0x00,0x00,0x00,0xff,0x00,0x00,0x00,0xff,0x00,0x00,0x00,0xff,
    0x00,0x00,0x00,0xff,0x00,0x00,0x00,0xff,0x00,0x00,0x00,0xff,0x00,0x00,0x00,0xff,
    0x00,0x00,0x00,0xff,0x00,0x00,0x00,0xff,0x00,0x00,0x00,0xff,0x00,0x00,0x00,0xff,
    0x00,0x00,0x00,0xff,0x00,0x00,0x00,0xff,0x00,0x00,0x00,0xff,0x00,0x00,0x00,0xff,
    0x00,0x00,0x00,0xff,0x00,0x00,0x00,0xff,0x00,0x00,0x00,0xff,0x00,0x00,0x00,0xff,
    0x00,0x00,0x00,0xff,0x00,0x00,0x00,0xff,0x00,0x00,0x00,0xff,0x22,0x22,0x22,0xff,
    0xaa,0xaa,0xaa,0xff,0xcc,0xcc,0xcc,0xff,0xcc,0xcc,0xcc,0xff,0xcc,0xcc,0xcc,0xff,
    0xcc,0xcc,0xcc,0xff,0xcc,0xcc,0xcc,0xff,0xcc,0xcc,0xcc,0xff,0xcc,0xcc,0xcc,0xff,
    0xc6,0xc6,0xc6,0xff,0xaf,0xaf,0xaf,0xff,0xaa,0xaa,0xaa,0xff,0xaa,0xaa,0xaa,0xff,
    0xaa,0xaa,0xaa,0xff,0xaa,0xaa,0xaa,0xff,0xaa,0xaa,0xaa,0xff,0xaa,0xaa,0xaa,0xff,
    0xaa,0xaa,0xaa,0xff,0xaf,0xaa,0xaf,0xff,0xc6,0xaa,0xc6,0xff,0xcc,0xaa,0xcc,0xff,
    0xcc,0xaa,0xcc,0xff,0xcc,0xaa,0xcc,0xff,0xcc,0xaa,0xcc,0xff,0xcc,0xaa,0xcc,0xff,
    0xcc,0xaa,0xcc,0xff,0xcc,0xaa,0xcc,0xff,0xcc,0xaa,0xcc,0xff,0xcc,0xaa,0xcc,0xff,
    0xcc,0xaa,0xcc,0xff,0xcc,0xaa,0xcc,0xff,0xcc,0xaa,0xcc,0xff,0xcc,0xaa,0xcc,0xff,
    0xcc,0xaa,0xcc,0xff,0xcc,0xaa,0xcc,0xff,0xcc,0xaa,0xcc,0xff,0xcc,0xaa,0xcc,0xff,
    0xcc,0xaa,0xcc,0xff,0xcc,0xaa,0xcc,0xff,0xcc,0xaa,0xcc,0xff,0xcc,0xaa,0xcc,0xff,
    0xcc,0xaa,0xcc,0xff,0xcc,0xaa,0xcc,0xff,0xcc,0xaa,0xcc,0xff,0xcc,0xaa,0xcc,0xff,
    0xcc,0xaa,0xcc,0xff,0xcc,0xaa,0xcc,0xff,0xcc,0xaa,0xcc,0xff,0xcc,0xaa,0xcc,0xff,
    0xcc,0xaa,0xcc,0xff,0xcc,0xaa,0xcc,0xff,0xcc,0xaa,0xcc,0xff,0xcc,0xaa,0xcc,0xff,
    0xcc,0xaa,0xcc,0xff,0xaa,0x8d,0xaa,0xff,0x22,0x1d,0x22,0xff,0x00,0x00,0x00,0xff,
    0x00,0x00,0x00,0xff,0x00,0x00,0x00,0xff,0x00,0x00,0x00,0xff,0x00,0x00,0x00,0xff,
    0x00,0x00,0x00,0xff,0x00,0x00,0x00,0xff,0x00,0x00,0x00,0xff,0x00,0x00,0x00,0xff,
    0x00,0x00,0x00,0xff,0x00,0x00,0x00,0xff,0x00,0x00,0x00,0xff,0x00,0x00,0x00,0xff,
    0x00,0x00,0x00,0xff,0x00,0x00,0x00,0xff,0x00,0x00,0x00,0xff,0x00,0x00,0x00,0xff,
    0x00,0x00,0x00,0xff,0x00,0x00,0x00,0xff,0x00,0x00,0x00,0xff,0x00,0x00,0x00,0xff,
    0x00,0x00,0x00,0xff,0x00,0x00,0x00,0xff,0x00,0x00,0x00,0xff,0x00,0x00,0x00,0xff,
    0x00,0x00,0x00,0xff,0x00,0x00,0x00,0xff,0x00,0x00,0x00,0xff,0x00,0x00,0x00,0xff,
    0x00,0x00,0x00,0xff,0x00,0x00,0x00,0xff,0x00,0x00,0x00,0xff,0x00,0x00,0x00,0xff,
    0x00,0x00,0x00,0xff,0x00,0x00,0x00,0xff,0x00,0x00,0x00,0xff,0x00,0x00,0x00,0xff,
    0x00,0x00,0x00,0xff,0x22,0x22,0x22,0xff,0xaa,0xaa,0xaa,0xff,0xcc,0xcc,0xcc,0xff,
    0xcc,0xcc,0xcc,0xff,0xcc,0xcc,0xcc,0xff,0xcc,0xcc,0xcc,0xff,0xcc,0xcc,0xcc,0xff,
    0xcc,0xcc,0xcc,0xff,0xcc,0xcc,0xcc,0xff,0xaf,0xaf,0xaf,0xff,0x3f,0x3f,0x3f,0xff,
    0x22,0x22,0x22,0xff,0x22,0x22,0x22,0xff,0x22,0x22,0x22,0xff,0x22,0x22,0x22,0xff,
    0x22,0x22,0x22,0xff,0x22,0x22,0x22,0xff,0x22,0x22,0x22,0xff,0x3f,0x22,0x3f,0xff,
    0xaf,0x22,0xaf,0xff,0xcc,0x22,0xcc,0xff,0xcc,0x22,0xcc,0xff,0xcc,0x22,0xcc,0xff,
    0xcc,0x22,0xcc,0xff,0xcc,0x22,0xcc,0xff,0xcc,0x22,0xcc,0xff,0xcc,0x22,0xcc,0xff,
    0xcc,0x22,0xcc,0xff,0xcc,0x22,0xcc,0xff,0xcc,0x22,0xcc,0xff,0xcc,0x22,0xcc,0xff,
    0xcc,0x22,0xcc,0xff,0xcc,0x22,0xcc,0xff,0xcc,0x22,0xcc,0xff,0xcc,0x22,0xcc,0xff,
    0xcc,0x22,0xcc,0xff,0xcc,0x22,0xcc,0xff,0xcc,0x22,0xcc,0xff,0xcc,0x22,0xcc,0xff,
    0xcc,0x22,0xcc,0xff,0xcc,0x22,0xcc,0xff,0xcc,0x22,0xcc,0xff,0xcc,0x22,0xcc,0xff,
    0xcc,0x22,0xcc,0xff,0xcc,0x22,0xcc,0xff,0xcc,0x22,0xcc,0xff,0xcc,0x22,0xcc,0xff,
    0xcc,0x22,0xcc,0xff,0xcc,0x22,0xcc,0xff,0xcc,0x22,0xcc,0xff,0xcc,0x22,0xcc,0xff,
    0xcc,0x22,0xcc,0xff,0xcc,0x22,0xcc,0xff,0xcc,0x22,0xcc,0xff,0xaa,0x1d,0xaa,0xff,
    0x22,0x06,0x22,0xff,0x00,0x00,0x00,0xff,0x00,0x00,0x00,0xff,0x00,0x00,0x00,0xff,
    0x00,0x00,0x00,0xff,0x00,0x00,0x00,0xff,0x00,0x00,0x00,0xff,0x00,0x00,0x00,0xff,
    0x00,0x00,0x00,0xff,0x00,0x00,0x00,0xff,0x00,0x00,0x00,0xff,0x00,0x00,0x00,0xff,
    0x00,0x00,0x00,0xff,0x00,0x00,0x00,0xff,0x00,0x00,0x00,0xff,0x00,0x00,0x00,0xff,
    0x00,0x00,0x00,0xff,0x00,0x00,0x00,0xff,0x00,0x00,0x00,0xff,0x00,0x00,0x00,0xff,
    0x00,0x00,0x00,0xff,0x00,0x00,0x00,0xff,0x00,0x00,0x00,0xff,0x00,0x00,0x00,0xff,
    0x00,0x00,0x00,0xff,0x00,0x00,0x00,0xff,0x00,0x00,0x00,0xff,0x00,0x00,0x00,0xff,
    0x00,0x00,0x00,0xff,0x00,0x00,0x00,0xff,0x00,0x00,0x00,0xff,0x00,0x00,0x00,0xff,
    0x00,0x00,0x00,0xff,0x00,0x00,0x00,0xff,0x00,0x00,0x00,0xff,0x00,0x00,0x00,0xff,
    0x00,0x00,0x00,0xff,0x00,0x00,0x00,0xff,0x00,0x00,0x00,0xff,0x22,0x22,0x22,0xff,
    0xaa,0xaa,0xaa,0xff,0xcc,0xcc,0xcc,0xff,0xcc,0xcc,0xcc,0xff,0xcc,0xcc,0xcc,0xff,
    0xcc,0xcc,0xcc,0xff,0xcc,0xcc,0xcc,0xff,0xcc,0xcc,0xcc,0xff,0xcc,0xcc,0xcc,0xff,
    0xaa,0xaa,0xaa,0xff,0x22,0x22,0x22,0xff,0x00,0x00,0x00,0xff,0x00,0x00,0x00,0xff,
    0x00,0x00,0x00,0xff,0x00,0x00,0x00,0xff,0x00,0x00,0x00,0xff,0x00,0x00,0x00,0xff,
    0x00,0x00,0x00,0xff,0x22,0x00,0x22,0xff,0xaa,0x00,0xaa,0xff,0xcc,0x00,0xcc,0xff,
    0xcc,0x00,0xcc,0xff,0xcc,0x00,0xcc,0xff,0xcc,0x00,0xcc,0xff,0xcc,0x00,0xcc,0xff,
    0xcc,0x00,0xcc,0xff,0xcc,0x00,0xcc,0xff,0xcc,0x00,0xcc,0xff,0xcc,0x00,0xcc,0xff,
    0xcc,0x00,0xcc,0xff,0xcc,0x00,0xcc,0xff,0xcc,0x00,0xcc,0xff,0xcc,0x00,0xcc,0xff,
    0xcc,0x00,0xcc,0xff,0xcc,0x00,0xcc,0xff,0xcc,0x00,0xcc,0xff,0xcc,0x00,0xcc,0xff,
    0xcc,0x00,0xcc,0xff,0xcc,0x00,0xcc,0xff,0xcc,0x00,0xcc,0xff,0xcc,0x00,0xcc,0xff,
    0xcc,0x00,0xcc,0xff,0xcc,0x00,0xcc,0xff,0xcc,0x00,0xcc,0xff,0xcc,0x00,0xcc,0xff,
    0xcc,0x00,0xcc,0xff,0xcc,0x00,0xcc,0xff,0xcc,0x00,0xcc,0xff,0xcc,0x00,0xcc,0xff,
    0xcc,0x00,0xcc,0xff,0xcc,0x00,0xcc,0xff,0xcc,0x00,0xcc,0xff,0xcc,0x00,0xcc,0xff,
    0xcc,0x00,0xcc,0xff,0xaa,0x00,0xaa,0xff,0x22,0x00,0x22,0xff,0x00,0x00,0x00,0xff,
    0x00,0x00,0x00,0xff,0x00,0x00,0x00,0xff,0x00,0x00,0x00,0xff,0x00,0x00,0x00,0xff,
    0x00,0x00,0x00,0xff,0x00,0x00,0x00,0xff,0x00,0x00,0x00,0xff,0x00,0x00,0x00,0xff,
    0x00,0x00,0x00,0xff,0x00,0x00,0x00,0xff,0x00,0x00,0x00,0xff,0x00,0x00,0x00,0xff,
    0x00,0x00,0x00,0xff,0x00,0x00,0x00,0xff,0x00,0x00,0x00,0xff,0x00,0x00,0x00,0xff,
    0x00,0x00,0x00,0xff,0x00,0x00,0x00,0xff,0x00,0x00,0x00,0xff,0x00,0x00,0x00,0xff,
    0x00,0x00,0x00,0xff,0x00,0x00,0x00,0xff,0x00,0x00,0x00,0xff,0x00,0x00,0x00,0xff,
    0x00,0x00,0x00,0xff,0x00,0x00,0x00,0xff,0x00,0x00,0x00,0xff,0x00,0x00,0x00,0xff,
    0x00,0x00,0x00,0xff,0x00,0x00,0x00,0xff,0x00,0x00,0x00,0xff,0x00,0x00,0x00,0xff,
    0x00,0x00,0x00,0xff,0x00,0x00,0x00,0xff,0x00,0x00,0x00,0xff,0x00,0x00,0x00,0xff,
    0x00,0x00,0x00,0xff,0x22,0x22,0x22,0xff,0xaa,0xaa,0xaa,0xff,0xcc,0xcc,0xcc,0xff,
    0xcc,0xcc,0xcc,0xff,0xcc,0xcc,0xcc,0xff,0xcc,0xcc,0xcc,0xff,0xcc,0xcc,0xcc,0xff,
    0xcc,0xcc,0xcc,0xff,0xcc,0xcc,0xcc,0xff,0xaa,0xaa,0xaa,0xff,0x22,0x22,0x22,0xff,
    0x00,0x00,0x00,0xff,0x00,0x00,0x00,0xff,0x00,0x00,0x00,0xff,0x00,0x00,0x00,0xff,
    0x00,0x00,0x00,0xff,0x00,0x00,0x00,0xff,0x00,0x00,0x00,0xff,0x22,0x00,0x22,0xff,
    0xaa,0x00,0xaa,0xff,0xcc,0x00,0xcc,0xff,0xcc,0x00,0xcc,0xff,0xcc,0x00,0xcc,0xff,
    0xcc,0x00,0xcc,0xff,0xcc,0x00,0xcc,0xff,0xcc,0x00,0xcc,0xff,0xcc,0x00,0xcc,0xff,
    0xcc,0x00,0xcc,0xff,0xcc,0x00,0xcc,0xff,0xcc,0x00,0xcc,0xff,0xcc,0x00,0xcc,0xff,
    0xcc,0x00,0xcc,0xff,0xcc,0x00,0xcc,0xff,0xcc,0x00,0xcc,0xff,0xcc,0x00,0xcc,0xff,
    0xcc,0x00,0xcc,0xff,0xcc,0x00,0xcc,0xff,0xcc,0x00,0xcc,0xff,0xcc,0x00,0xcc,0xff,
    0xcc,0x00,0xcc,0xff,0xcc,0x00,0xcc,0xff,0xcc,0x00,0xcc,0xff,0xcc,0x00,0xcc,0xff,
    0xcc,0x00,0xcc,0xff,0xcc,0x00,0xcc,0xff,0xcc,0x00,0xcc,0xff,0xcc,0x00,0xcc,0xff,
    0xcc,0x00,0xcc,0xff,0xcc,0x00,0xcc,0xff,0xcc,0x00,0xcc,0xff,0xcc,0x00,0xcc,0xff,
    0xcc,0x00,0xcc,0xff,0xcc,0x00,0xcc,0xff,0xcc,0x00,0xcc,0xff,0xaa,0x00,0xaa,0xff,
    0x22,0x00,0x22,0xff,0x00,0x00,0x00,0xff,0x00,0x00,0x00,0xff,0x00,0x00,0x00,0xff,
    0x00,0x00,0x00,0xff,0x00,0x00,0x00,0xff,0x00,0x00,0x00,0xff,0x00,0x00,0x00,0xff,
    0x00,0x00,0x00,0xff,0x00,0x00,0x00,0xff,0x00,0x00,0x00,0xff,0x00,0x00,0x00,0xff,
    0x00,0x00,0x00,0xff,0x00,0x00,0x00,0xff,0x00,0x00,0x00,0xff,0x00,0x00,0x00,0xff,
    0x00,0x00,0x00,0xff,0x00,0x00,0x00,0xff,0x00,0x00,0x00,0xff,0x00,0x00,0x00,0xff,
    0x00,0x00,0x00,0xff,0x00,0x00,0x00,0xff,0x00,0x00,0x00,0xff,0x00,0x00,0x00,0xff,
    0x00,0x00,0x00,0xff,0x00,0x00,0x00,0xff,0x00,0x00,0x00,0xff,0x00,0x00,0x00,0xff,
    0x00,0x00,0x00,0xff,0x00,0x00,0x00,0xff,0x00,0x00,0x00,0xff,0x00,0x00,0x00,0xff,
    0x00,0x00,0x00,0xff,0x00,0x00,0x00,0xff,0x00,0x00,0x00,0xff,0x00,0x00,0x00,0xff,
    0x00,0x00,0x00,0xff,0x00,0x00,0x00,0xff,0x00,0x00,0x00,0xff,0x22,0x22,0x22,0xff,
    0xaa,0xaa,0xaa,0xff,0xcc,0xcc,0xcc,0xff,0xcc,0xcc,0xcc,0xff,0xcc,0xcc,0xcc,0xff,
    0xcc,0xcc,0xcc,0xff,0xcc,0xcc,0xcc,0xff,0xcc,0xcc,0xcc,0xff,0xcc,0xcc,0xcc,0xff,
    0xaa,0xaa,0xaa,0xff,0x22,0x22,0x22,0xff,0x00,0x00,0x00,0xff,0x00,0x00,0x00,0xff,
    0x00,0x00,0x00,0xff,0x00,0x00,0x00,0xff,0x00,0x00,0x00,0xff,0x00,0x00,0x00,0xff,
    0x00,0x00,0x00,0xff,0x22,0x00,0x22,0xff,0xaa,0x00,0xaa,0xff,0xcc,0x00,0xcc,0xff,
    0xcc,0x00,0xcc,0xff,0xcc,0x00,0xcc,0xff,0xcc,0x00,0xcc,0xff,0xcc,0x00,0xcc,0xff,
    0xcc,0x00,0xcc,0xff,0xcc,0x00,0xcc,0xff,0xcc,0x00,0xcc,0xff,0xcc,0x00,0xcc,0xff,
    0xcc,0x00,0xcc,0xff,0xcc,0x00,0xcc,0xff,0xcc,0x00,0xcc,0xff,0xcc,0x00,0xcc,0xff,
    0xcc,0x00,0xcc,0xff,0xcc,0x00,0xcc,0xff,0xcc,0x00,0xcc,0xff,0xcc,0x00,0xcc,0xff,
    0xcc,0x00,0xcc,0xff,0xcc,0x00,0xcc,0xff,0xcc,0x00,0xcc,0xff,0xcc,0x00,0xcc,0xff,
    0xcc,0x00,0xcc,0xff,0xcc,0x00,0xcc,0xff,0xcc,0x00,0xcc,0xff,0xcc,0x00,0xcc,0xff,
    0xcc,0x00,0xcc,0xff,0xcc,0x00,0xcc,0xff,0xcc,0x00,0xcc,0xff,0xcc,0x00,0xcc,0xff,
    0xcc,0x00,0xcc,0xff,0xcc,0x00,0xcc,0xff,0xcc,0x00,0xcc,0xff,0xcc,0x00,0xcc,0xff,
    0xcc,0x00,0xcc,0xff,0xaa,0x00,0xaa,0xff,0x22,0x00,0x22,0xff,0x00,0x00,0x00,0xff,
    0x00,0x00,0x00,0xff,0x00,0x00,0x00,0xff,0x00,0x00,0x00,0xff,0x00,0x00,0x00,0xff,
    0x00,0x00,0x00,0xff,0x00,0x00,0x00,0xff,0x00,0x00,0x00,0xff,0x00,0x00,0x00,0xff,
    0x00,0x00,0x00,0xff,0x00,0x00,0x00,0xff,0x00,0x00,0x00,0xff,0x00,0x00,0x00,0xff,
    0x00,0x00,0x00,0xff,0x00,0x00,0x00,0xff,0x00,0x00,0x00,0xff,0x00,0x00,0x00,0xff,
    0x00,0x00,0x00,0xff,0x00,0x00,0x00,0xff,0x00,0x00,0x00,0xff,0x00,0x00,0x00,0xff,
    0x00,0x00,0x00,0xff,0x00,0x00,0x00,0xff,0x00,0x00,0x00,0xff,0x00,0x00,0x00,0xff,
    0x00,0x00,0x00,0xff,0x00,0x00,0x00,0xff,0x00,0x00,0x00,0xff,0x00,0x00,0x00,0xff,
    0x00,0x00,0x00,0xff,0x00,0x00,0x00,0xff,0x00,0x00,0x00,0xff,0x00,0x00,0x00,0xff,
    0x00,0x00,0x00,0xff,0x00,0x00,0x00,0xff,0x00,0x00,0x00,0xff,0x00,0x00,0x00,0xff,
    0x00,0x00,0x00,0xff,0x22,0x22,0x22,0xff,0xaa,0xaa,0xaa,0xff,0xcc,0xcc,0xcc,0xff,
    0xcc,0xcc,0xcc,0xff,0xcc,0xcc,0xcc,0xff,0xcc,0xcc,0xcc,0xff,0xcc,0xcc,0xcc,0xff,
    0xcc,0xcc,0xcc,0xff,0xcc,0xcc,0xcc,0xff,0xaa,0xaa,0xaa,0xff,0x22,0x22,0x22,0xff,
    0x00,0x00,0x00,0xff,0x00,0x00,0x00,0xff,0x00,0x00,0x00,0xff,0x00,0x00,0x00,0xff,
    0x00,0x00,0x00,0xff,0x00,0x00,0x00,0xff,0x00,0x00,0x00,0xff,0x22,0x11,0x22,0xff,
    0xaa,0x55,0xaa,0xff,0xcc,0x66,0xcc,0xff,0xcc,0x66,0xcc,0xff,0xcc,0x66,0xcc,0xff,
    0xcc,0x66,0xcc,0xff,0xcc,0x66,0xcc,0xff,0xcc,0x66,0xcc,0xff,0xcc,0x66,0xcc,0xff,
    0xcc,0x66,0xcc,0xff,0xcc,0x66,0xcc,0xff,0xcc,0x66,0xcc,0xff,0xcc,0x66,0xcc,0xff,
    0xcc,0x66,0xcc,0xff,0xcc,0x66,0xcc,0xff,0xcc,0x66,0xcc,0xff,0xcc,0x66,0xcc,0xff,
    0xcc,0x66,0xcc,0xff,0xcc,0x66,0xcc,0xff,0xcc,0x66,0xcc,0xff,0xcc,0x66,0xcc,0xff,
    0xcc,0x66,0xcc,0xff,0xcc,0x66,0xcc,0xff,0xcc,0x66,0xcc,0xff,0xcc,0x66,0xcc,0xff,
    0xcc,0x66,0xcc,0xff,0xcc,0x66,0xcc,0xff,0xcc,0x66,0xcc,0xff,0xcc,0x66,0xcc,0xff,
    0xcc,0x66,0xcc,0xff,0xcc,0x66,0xcc,0xff,0xcc,0x66,0xcc,0xff,0xcc,0x66,0xcc,0xff,
    0xcc,0x66,0xcc,0xff,0xcc,0x66,0xcc,0xff,0xcc,0x66,0xcc,0xff,0xaa,0x54,0xaa,0xff,
    0x22,0x11,0x22,0xff,0x00,0x00,0x00,0xff,0x00,0x00,0x00,0xff,0x00,0x00,0x00,0xff,
    0x00,0x00,0x00,0xff,0x00,0x00,0x00,0xff,0x00,0x00,0x00,0xff,0x00,0x00,0x00,0xff,
    0x00,0x00,0x00,0xff,0x00,0x00,0x00,0xff,0x00,0x00,0x00,0xff,0x00,0x00,0x00,0xff,
    0x00,0x00,0x00,0xff,0x00,0x00,0x00,0xff,0x00,0x00,0x00,0xff,0x00,0x00,0x00,0xff,
    0x00,0x00,0x00,0xff,0x00,0x00,0x00,0xff,0x00,0x00,0x00,0xff,0x00,0x00,0x00,0xff,
    0x00,0x00,0x00,0xff,0x00,0x00,0x00,0xff,0x00,0x00,0x00,0xff,0x00,0x00,0x00,0xff,
    0x00,0x00,0x00,0xff,0x00,0x00,0x00,0xff,0x00,0x00,0x00,0xff,0x00,0x00,0x00,0xff,
    0x00,0x00,0x00,0xff,0x00,0x00,0x00,0xff,0x00,0x00,0x00,0xff,0x00,0x00,0x00,0xff,
    0x00,0x00,0x00,0xff,0x00,0x00,0x00,0xff,0x00,0x00,0x00,0xff,0x00,0x00,0x00,0xff,
    0x00,0x00,0x00,0xff,0x00,0x00,0x00,0xff,0x00,0x00,0x00,0xff,0x22,0x22,0x22,0xff,
    0xaa,0xaa,0xaa,0xff,0xcc,0xcc,0xcc,0xff,0xcc,0xcc,0xcc,0xff,0xcc,0xcc,0xcc,0xff,
    0xcc,0xcc,0xcc,0xff,0xcc,0xcc,0xcc,0xff,0xcc,0xcc,0xcc,0xff,0xcc,0xcc,0xcc,0xff,
    0xaa,0xaa,0xaa,0xff,0x22,0x22,0x22,0xff,0x00,0x00,0x00,0xff,0x00,0x00,0x00,0xff,
    0x00,0x00,0x00,0xff,0x00,0x00,0x00,0xff,0x00,0x00,0x00,0xff,0x00,0x00,0x00,0xff,
    0x00,0x00,0x00,0xff,0x22,0x22,0x22,0xff,0xaa,0xaa,0xaa,0xff,0xcc,0xcc,0xcc,0xff,
    0xcc,0xcc,0xcc,0xff,0xcc,0xcc,0xcc,0xff,0xcc,0xcc,0xcc,0xff,0xcc,0xcc,0xcc,0xff,
    0xcc,0xcc,0xcc,0xff,0xcc,0xcc,0xcc,0xff,0xcc,0xcc,0xcc,0xff,0xcc,0xcc,0xcc,0xff,
    0xcc,0xcc,0xcc,0xff,0xcc,0xcc,0xcc,0xff,0xcc,0xcc,0xcc,0xff,0xcc,0xcc,0xcc,0xff,
    0xcc,0xcc,0xcc,0xff,0xcc,0xcc,0xcc,0xff,0xcc,0xcc,0xcc,0xff,0xcc,0xcc,0xcc,0xff,
    0xcc,0xcc,0xcc,0xff,0xcc,0xcc,0xcc,0xff,0xcc,0xcc,0xcc,0xff,0xcc,0xcc,0xcc,0xff,
    0xcc,0xcc,0xcc,0xff,0xcc,0xcc,0xcc,0xff,0xcc,0xcc,0xcc,0xff,0xcc,0xcc,0xcc,0xff,
    0xcc,0xcc,0xcc,0xff,0xcc,0xcc,0xcc,0xff,0xcc,0xcc,0xcc,0xff,0xcc,0xcc,0xcc,0xff,
    0xcc,0xcc,0xcc,0xff,0xcc,0xcc,0xcc,0xff,0xcc,0xcc,0xcc,0xff,0xcc,0xcc,0xcc,0xff,
    0xcc,0xcc,0xcc,0xff,0xaa,0xaa,0xaa,0xff,0x22,0x22,0x22,0xff,0x00,0x00,0x00,0xff,
    0x00,0x00,0x00,0xff,0x00,0x00,0x00,0xff,0x00,0x00,0x00,0xff,0x00,0x00,0x00,0xff,
    0x00,0x00,0x00,0xff,0x00,0x00,0x00,0xff,0x00,0x00,0x00,0xff,0x00,0x00,0x00,0xff,
    0x00,0x00,0x00,0xff,0x00,0x00,0x00,0xff,0x00,0x00,0x00,0xff,0x00,0x00,0x00,0xff,
    0x00,0x00,0x00,0xff,0x00,0x00,0x00,0xff,0x00,0x00,0x00,0xff,0x00,0x00,0x00,0xff,
    0x00,0x00,0x00,0xff,0x00,0x00,0x00,0xff,0x00,0x00,0x00,0xff,0x00,0x00,0x00,0xff,
    0x00,0x00,0x00,0xff,0x00,0x00,0x00,0xff,0x00,0x00,0x00,0xff,0x00,0x00,0x00,0xff,
    0x00,0x00,0x00,0xff,0x00,0x00,0x00,0xff,0x00,0x00,0x00,0xff,0x00,0x00,0x00,0xff,
    0x00,0x00,0x00,0xff,0x00,0x00,0x00,0xff,0x00,0x00,0x00,0xff,0x00,0x00,0x00,0xff,
    0x00,0x00,0x00,0xff,0x00,0x00,0x00,0xff,0x00,0x00,0x00,0xff,0x00,0x00,0x00,0xff,
    0x00,0x00,0x00,0xff,0x22,0x22,0x22,0xff,0xaa,0xaa,0xaa,0xff,0xcc,0xcc,0xcc,0xff,
    0xcc,0xcc,0xcc,0xff,0xcc,0xcc,0xcc,0xff,0xcc,0xcc,0xcc,0xff,0xcc,0xcc,0xcc,0xff,
    0xcc,0xcc,0xcc,0xff,0xcc,0xcc,0xcc,0xff,0xaa,0xaa,0xaa,0xff,0x22,0x22,0x22,0xff,
    0x00,0x00,0x00,0xff,0x00,0x00,0x00,0xff,0x00,0x00,0x00,0xff,0x00,0x00,0x00,0xff,
    0x00,0x00,0x00,0xff,0x00,0x00,0x00,0xff,0x00,0x00,0x00,0xff,0x22,0x22,0x22,0xff,
    0xaa,0xaa,0xaa,0xff,0xcc,0xcc,0xcc,0xff,0xcc,0xcc,0xcc,0xff,0xcc,0xcc,0xcc,0xff,
    0xcc,0xcc,0xcc,0xff,0xcc,0xcc,0xcc,0xff,0xcc,0xcc,0xcc,0xff,0xcc,0xcc,0xcc,0xff,
    0xcc,0xcc,0xcc,0xff,0xcc,0xcc,0xcc,0xff,0xcc,0xcc,0xcc,0xff,0xcc,0xcc,0xcc,0xff,
    0xcc,0xcc,0xcc,0xff,0xcc,0xcc,0xcc,0xff,0xcc,0xcc,0xcc,0xff,0xcc,0xcc,0xcc,0xff,
    0xcc,0xcc,0xcc,0xff,0xcc,0xcc,0xcc,0xff,0xcc,0xcc,0xcc,0xff,0xcc,0xcc,0xcc,0xff,
    0xcc,0xcc,0xcc,0xff,0xcc,0xcc,0xcc,0xff,0xcc,0xcc,0xcc,0xff,0xcc,0xcc,0xcc,0xff,
    0xcc,0xcc,0xcc,0xff,0xcc,0xcc,0xcc,0xff,0xcc,0xcc,0xcc,0xff,0xcc,0xcc,0xcc,0xff,
    0xcc,0xcc,0xcc,0xff,0xcc,0xcc,0xcc,0xff,0xcc,0xcc,0xcc,0xff,0xcc,0xcc,0xcc,0xff,
    0xcc,0xcc,0xcc,0xff,0xcc,0xcc,0xcc,0xff,0xcc,0xcc,0xcc,0xff,0xaa,0xaa,0xaa,0xff,
    0x22,0x22,0x22,0xff,0x00,0x00,0x00,0xff,0x00,0x00,0x00,0xff,0x00,0x00,0x00,0xff,
    0x00,0x00,0x00,0xff,0x00,0x00,0x00,0xff,0x00,0x00,0x00,0xff,0x00,0x00,0x00,0xff,
    0x00,0x00,0x00,0xff,0x00,0x00,0x00,0xff,0x00,0x00,0x00,0xff,0x00,0x00,0x00,0xff,
    0x00,0x00,0x00,0xff,0x00,0x00,0x00,0xff,0x00,0x00,0x00,0xff,0x00,0x00,0x00,0xff,
    0x00,0x00,0x00,0xff,0x00,0x00,0x00,0xff,0x00,0x00,0x00,0xff,0x00,0x00,0x00,0xff,
    0x00,0x00,0x00,0xff,0x00,0x00,0x00,0xff,0x00,0x00,0x00,0xff,0x00,0x00,0x00,0xff,
    0x00,0x00,0x00,0xff,0x00,0x00,0x00,0xff,0x00,0x00,0x00,0xff,0x00,0x00,0x00,0xff,
    0x00,0x00,0x00,0xff,0x00,0x00,0x00,0xff,0x00,0x00,0x00,0xff,0x00,0x00,0x00,0xff,
    0x00,0x00,0x00,0xff,0x00,0x00,0x00,0xff,0x00,0x00,0x00,0xff,0x00,0x00,0x00,0xff,
    0x00,0x00,0x00,0xff,0x00,0x00,0x00,0xff,0x00,0x00,0x00,0xff,0x22,0x22,0x22,0xff,
    0xaa,0xaa,0xaa,0xff,0xcc,0xcc,0xcc,0xff,0xcc,0xcc,0xcc,0xff,0xcc,0xcc,0xcc,0xff,
    0xcc,0xcc,0xcc,0xff,0xcc,0xcc,0xcc,0xff,0xcc,0xcc,0xcc,0xff,0xcc,0xcc,0xcc,0xff,
    0xaa,0xaa,0xaa,0xff,0x22,0x22,0x22,0xff,0x00,0x00,0x00,0xff,0x00,0x00,0x00,0xff,
    0x00,0x00,0x00,0xff,0x00,0x00,0x00,0xff,0x00,0x00,0x00,0xff,0x00,0x00,0x00,0xff,
    0x00,0x00,0x00,0xff,0x22,0x22,0x22,0xff,0xaa,0xaa,0xaa,0xff,0xcc,0xcc,0xcc,0xff,
    0xcc,0xcc,0xcc,0xff,0xcc,0xcc,0xcc,0xff,0xcc,0xcc,0xcc,0xff,0xcc,0xcc,0xcc,0xff,
    0xcc,0xcc,0xcc,0xff,0xcc,0xcc,0xcc,0xff,0xcc,0xcc,0xcc,0xff,0xcc,0xcc,0xcc,0xff,
    0xcc,0xcc,0xcc,0xff,0xcc,0xcc,0xcc,0xff,0xcc,0xcc,0xcc,0xff,0xcc,0xcc,0xcc,0xff,
    0xcc,0xcc,0xcc,0xff,0xcc,0xcc,0xcc,0xff,0xcc,0xcc,0xcc,0xff,0xcc,0xcc,0xcc,0xff,
    0xcc,0xcc,0xcc,0xff,0xcc,0xcc,0xcc,0xff,0xcc,0xcc,0xcc,0xff,0xcc,0xcc,0xcc,0xff,
    0xcc,0xcc,0xcc,0xff,0xcc,0xcc,0xcc,0xff,0xcc,0xcc,0xcc,0xff,0xcc,0xcc,0xcc,0xff,
    0xcc,0xcc,0xcc,0xff,0xcc,0xcc,0xcc,0xff,0xcc,0xcc,0xcc,0xff,0xcc,0xcc,0xcc,0xff,
    0xcc,0xcc,0xcc,0xff,0xcc,0xcc,0xcc,0xff,0xcc,0xcc,0xcc,0xff,0xcc,0xcc,0xcc,0xff,
    0xcc,0xcc,0xcc,0xff,0xaa,0xaa,0xaa,0xff,0x22,0x22,0x22,0xff,0x00,0x00,0x00,0xff,
    0x00,0x00,0x00,0xff,0x00,0x00,0x00,0xff,0x00,0x00,0x00,0xff,0x00,0x00,0x00,0xff,
    0x00,0x00,0x00,0xff,0x00,0x00,0x00,0xff,0x00,0x00,0x00,0xff,0x00,0x00,0x00,0xff,
    0x00,0x00,0x00,0xff,0x00,0x00,0x00,0xff,0x00,0x00,0x00,0xff,0x00,0x00,0x00,0xff,
    0x00,0x00,0x00,0xff,0x00,0x00,0x00,0xff,0x00,0x00,0x00,0xff,0x00,0x00,0x00,0xff,
    0x00,0x00,0x00,0xff,0x00,0x00,0x00,0xff,0x00,0x00,0x00,0xff,0x00,0x00,0x00,0xff,
    0x00,0x00,0x00,0xff,0x00,0x00,0x00,0xff,0x00,0x00,0x00,0xff,0x00,0x00,0x00,0xff,
    0x00,0x00,0x00,0xff,0x00,0x00,0x00,0xff,0x00,0x00,0x00,0xff,0x00,0x00,0x00,0xff,
    0x00,0x00,0x00,0xff,0x00,0x00,0x00,0xff,0x00,0x00,0x00,0xff,0x00,0x00,0x00,0xff,
    0x00,0x00,0x00,0xff,0x00,0x00,0x00,0xff,0x00,0x00,0x00,0xff,0x00,0x00,0x00,0xff,
    0x00,0x00,0x00,0xff,0x22,0x22,0x22,0xff,0xaa,0xaa,0xaa,0xff,0xcc,0xcc,0xcc,0xff,
    0xcc,0xcc,0xcc,0xff,0xcc,0xcc,0xcc,0xff,0xcc,0xcc,0xcc,0xff,0xcc,0xcc,0xcc,0xff,
    0xcc,0xcc,0xcc,0xff,0xcc,0xcc,0xcc,0xff,0xaa,0xaa,0xaa,0xff,0x22,0x22,0x22,0xff,
    0x00,0x00,0x00,0xff,0x00,0x00,0x00,0xff,0x00,0x00,0x00,0xff,0x00,0x00,0x00,0xff,
    0x00,0x00,0x00,0xff,0x00,0x00,0x00,0xff,0x00,0x00,0x00,0xff,0x22,0x1d,0x22,0xff,
    0xaa,0x8d,0xaa,0xff,0xcc,0xaa,0xcc,0xff,0xcc,0xaa,0xcc,0xff,0xcc,0xaa,0xcc,0xff,
    0xcc,0xaa,0xcc,0xff,0xcc,0xaa,0xcc,0xff,0xcc,0xaa,0xcc,0xff,0xcc,0xaa,0xcc,0xff,
    0xcc,0xaa,0xcc,0xff,0xcc,0xaa,0xcc,0xff,0xcc,0xaa,0xcc,0xff,0xcc,0xaa,0xcc,0xff,
    0xcc,0xaa,0xcc,0xff,0xcc,0xaa,0xcc,0xff,0xcc,0xaa,0xcc,0xff,0xcc,0xaa,0xcc,0xff,
    0xcc,0xaa,0xcc,0xff,0xcc,0xaa,0xcc,0xff,0xcc,0xaa,0xcc,0xff,0xcc,0xaa,0xcc,0xff,
    0xcc,0xaa,0xcc,0xff,0xcc,0xaa,0xcc,0xff,0xcc,0xaa,0xcc,0xff,0xcc,0xaa,0xcc,0xff,
    0xcc,0xaa,0xcc,0xff,0xcc,0xaa,0xcc,0xff,0xcc,0xaa,0xcc,0xff,0xcc,0xaa,0xcc,0xff,
    0xcc,0xaa,0xcc,0xff,0xcc,0xaa,0xcc,0xff,0xcc,0xaa,0xcc,0xff,0xcc,0xaa,0xcc,0xff,
    0xcc,0xaa,0xcc,0xff,0xcc,0xaa,0xcc,0xff,0xcc,0xaa,0xcc,0xff,0xaa,0x8d,0xaa,0xff,
    0x22,0x1d,0x22,0xff,0x00,0x00,0x00,0xff,0x00,0x00,0x00,0xff,0x00,0x00,0x00,0xff,
    0x00,0x00,0x00,0xff,0x00,0x00,0x00,0xff,0x00,0x00,0x00,0xff,0x00,0x00,0x00,0xff,
    0x00,0x00,0x00,0xff,0x00,0x00,0x00,0xff,0x00,0x00,0x00,0xff,0x00,0x00,0x00,0xff,
    0x00,0x00,0x00,0xff,0x00,0x00,0x00,0xff,0x00,0x00,0x00,0xff,0x00,0x00,0x00,0xff,
    0x00,0x00,0x00,0xff,0x00,0x00,0x00,0xff,0x00,0x00,0x00,0xff,0x00,0x00,0x00,0xff,
    0x00,0x00,0x00,0xff,0x00,0x00,0x00,0xff,0x00,0x00,0x00,0xff,0x00,0x00,0x00,0xff,
    0x00,0x00,0x00,0xff,0x00,0x00,0x00,0xff,0x00,0x00,0x00,0xff,0x00,0x00,0x00,0xff,
    0x00,0x00,0x00,0xff,0x00,0x00,0x00,0xff,0x00,0x00,0x00,0xff,0x00,0x00,0x00,0xff,
    0x00,0x00,0x00,0xff,0x00,0x00,0x00,0xff,0x00,0x00,0x00,0xff,0x00,0x00,0x00,0xff,
    0x00,0x00,0x00,0xff,0x00,0x00,0x00,0xff,0x00,0x00,0x00,0xff,0x22,0x22,0x22,0xff,
    0xaa,0xaa,0xaa,0xff,0xcc,0xcc,0xcc,0xff,0xcc,0xcc,0xcc,0xff,0xcc,0xcc,0xcc,0xff,
    0xcc,0xcc,0xcc,0xff,0xcc,0xcc,0xcc,0xff,0xcc,0xcc,0xcc,0xff,0xcc,0xcc,0xcc,0xff,
    0xaa,0xaa,0xaa,0xff,0x22,0x22,0x22,0xff,0x00,0x00,0x00,0xff,0x00,0x00,0x00,0xff,
    0x00,0x00,0x00,0xff,0x00,0x00,0x00,0xff,0x00,0x00,0x00,0xff,0x00,0x00,0x00,0xff,
    0x00,0x00,0x00,0xff,0x22,0x06,0x22,0xff,0xaa,0x1d,0xaa,0xff,0xcc,0x22,0xcc,0xff,
    0xcc,0x22,0xcc,0xff,0xcc,0x22,0xcc,0xff,0xcc,0x22,0xcc,0xff,0xcc,0x22,0xcc,0xff,
    0xcc,0x22,0xcc,0xff,0xcc,0x22,0xcc,0xff,0xcc,0x22,0xcc,0xff,0xcc,0x22,0xcc,0xff,
    0xcc,0x22,0xcc,0xff,0xcc,0x22,0xcc,0xff,0xcc,0x22,0xcc,0xff,0xcc,0x22,0xcc,0xff,
    0xcc,0x22,0xcc,0xff,0xcc,0x22,0xcc,0xff,0xcc,0x22,0xcc,0xff,0xcc,0x22,0xcc,0xff,
    0xcc,0x22,0xcc,0xff,0xcc,0x22,0xcc,0xff,0xcc,0x22,0xcc,0xff,0xcc,0x22,0xcc,0xff,
    0xcc,0x22,0xcc,0xff,0xcc,0x22,0xcc,0xff,0xcc,0x22,0xcc,0xff,0xcc,0x22,0xcc,0xff,
    0xcc,0x22,0xcc,0xff,0xcc,0x22,0xcc,0xff,0xcc,0x22,0xcc,0xff,0xcc,0x22,0xcc,0xff,
    0xcc,0x22,0xcc,0xff,0xcc,0x22,0xcc,0xff,0xcc,0x22,0xcc,0xff,0xcc,0x22,0xcc,0xff,
    0xcc,0x22,0xcc,0xff,0xaa,0x1d,0xaa,0xff,0x22,0x06,0x22,0xff,0x00,0x00,0x00,0xff,
    0x00,0x00,0x00,0xff,0x00,0x00,0x00,0xff,0x00,0x00,0x00,0xff,0x00,0x00,0x00,0xff,
    0x00,0x00,0x00,0xff,0x00,0x00,0x00,0xff,0x00,0x00,0x00,0xff,0x00,0x00,0x00,0xff,
    0x00,0x00,0x00,0xff,0x00,0x00,0x00,0xff,0x00,0x00,0x00,0xff,0x00,0x00,0x00,0xff,
    0x00,0x00,0x00,0xff,0x00,0x00,0x00,0xff,0x00,0x00,0x00,0xff,0x00,0x00,0x00,0xff,
    0x00,0x00,0x00,0xff,0x00,0x00,0x00,0xff,0x00,0x00,0x00,0xff,0x00,0x00,0x00,0xff,
    0x00,0x00,0x00,0xff,0x00,0x00,0x00,0xff,0x00,0x00,0x00,0xff,0x00,0x00,0x00,0xff,
    0x00,0x00,0x00,0xff,0x00,0x00,0x00,0xff,0x00,0x00,0x00,0xff,0x00,0x00,0x00,0xff,
    0x00,0x00,0x00,0xff,0x00,0x00,0x00,0xff,0x00,0x00,0x00,0xff,0x00,0x00,0x00,0xff,
    0x00,0x00,0x00,0xff,0x00,0x00,0x00,0xff,0x00,0x00,0x00,0xff,0x00,0x00,0x00,0xff,
    0x00,0x00,0x00,0xff,0x22,0x22,0x22,0xff,0xaa,0xaa,0xaa,0xff,0xcc,0xcc,0xcc,0xff,
    0xcc,0xcc,0xcc,0xff,0xcc,0xcc,0xcc,0xff,0xcc,0xcc,0xcc,0xff,0xcc,0xcc,0xcc,0xff,
    0xcc,0xcc,0xcc,0xff,0xcc,0xcc,0xcc,0xff,0xaa,0xaa,0xaa,0xff,0x22,0x22,0x22,0xff,
    0x00,0x00,0x00,0xff,0x00,0x00,0x00,0xff,0x00,0x00,0x00,0xff,0x00,0x00,0x00,0xff,
    0x00,0x00,0x00,0xff,0x00,0x00,0x00,0xff,0x00,0x00,0x00,0xff,0x22,0x00,0x22,0xff,
    0xaa,0x00,0xaa,0xff,0xcc,0x00,0xcc,0xff,0xcc,0x00,0xcc,0xff,0xcc,0x00,0xcc,0xff,
    0xcc,0x00,0xcc,0xff,0xcc,0x00,0xcc,0xff,0xcc,0x00,0xcc,0xff,0xcc,0x00,0xcc,0xff,
    0xcc,0x00,0xcc,0xff,0xcc,0x00,0xcc,0xff,0xcc,0x00,0xcc,0xff,0xcc,0x00,0xcc,0xff,
    0xcc,0x00,0xcc,0xff,0xcc,0x00,0xcc,0xff,0xcc,0x00,0xcc,0xff,0xcc,0x00,0xcc,0xff,
    0xcc,0x00,0xcc,0xff,0xcc,0x00,0xcc,0xff,0xcc,0x00,0xcc,0xff,0xcc,0x00,0xcc,0xff,
    0xcc,0x00,0xcc,0xff,0xcc,0x00,0xcc,0xff,0xcc,0x00,0xcc,0xff,0xcc,0x00,0xcc,0xff,
    0xcc,0x00,0xcc,0xff,0xcc,0x00,0xcc,0xff,0xcc,0x00,0xcc,0xff,0xcc,0x00,0xcc,0xff,
    0xcc,0x00,0xcc,0xff,0xcc,0x00,0xcc,0xff,0xcc,0x00,0xcc,0xff,0xcc,0x00,0xcc,0xff,
    0xcc,0x00,0xcc,0xff,0xcc,0x00,0xcc,0xff,0xcc,0x00,0xcc,0xff,0xaa,0x00,0xaa,0xff,
    0x22,0x00,0x22,0xff,0x00,0x00,0x00,0xff,0x00,0x00,0x00,0xff,0x00,0x00,0x00,0xff,
    0x00,0x00,0x00,0xff,0x00,0x00,0x00,0xff,0x00,0x00,0x00,0xff,0x00,0x00,0x00,0xff,
    0x00,0x00,0x00,0xff,0x00,0x00,0x00,0xff,0x00,0x00,0x00,0xff,0x00,0x00,0x00,0xff,
    0x00,0x00,0x00,0xff,0x00,0x00,0x00,0xff,0x00,0x00,0x00,0xff,0x00,0x00,0x00,0xff,
    0x00,0x00,0x00,0xff,0x00,0x00,0x00,0xff,0x00,0x00,0x00,0xff,0x00,0x00,0x00,0xff,
    0x00,0x00,0x00,0xff,0x00,0x00,0x00,0xff,0x00,0x00,0x00,0xff,0x00,0x00,0x00,0xff,
    0x00,0x00,0x00,0xff,0x00,0x00,0x00,0xff,0x00,0x00,0x00,0xff,0x00,0x00,0x00,0xff,
    0x00,0x00,0x00,0xff,0x00,0x00,0x00,0xff,0x00,0x00,0x00,0xff,0x00,0x00,0x00,0xff,
    0x00,0x00,0x00,0xff,0x00,0x00,0x00,0xff,0x00,0x00,0x00,0xff,0x00,0x00,0x00,0xff,
    0x00,0x00,0x00,0xff,0x00,0x00,0x00,0xff,0x00,0x00,0x00,0xff,0x22,0x22,0x22,0xff,
    0xaa,0xaa,0xaa,0xff,0xcc,0xcc,0xcc,0xff,0xcc,0xcc,0xcc,0xff,0xcc,0xcc,0xcc,0xff,
    0xcc,0xcc,0xcc,0xff,0xcc,0xcc,0xcc,0xff,0xcc,0xcc,0xcc,0xff,0xcc,0xcc,0xcc,0xff,
    0xaa,0xaa,0xaa,0xff,0x22,0x22,0x22,0xff,0x00,0x00,0x00,0xff,0x00,0x00,0x00,0xff,
    0x00,0x00,0x00,0xff,0x00,0x00,0x00,0xff,0x00,0x00,0x00,0xff,0x00,0x00,0x00,0xff,
    0x00,0x00,0x00,0xff,0x22,0x00,0x22,0xff,0xaa,0x00,0xaa,0xff,0xcc,0x00,0xcc,0xff,
    0xcc,0x00,0xcc,0xff,0xcc,0x00,0xcc,0xff,0xcc,0x00,0xcc,0xff,0xcc,0x00,0xcc,0xff,
    0xcc,0x00,0xcc,0xff,0xcc,0x00,0xcc,0xff,0xcc,0x00,0xcc,0xff,0xcc,0x00,0xcc,0xff,
    0xcc,0x00,0xcc,0xff,0xcc,0x00,0xcc,0xff,0xcc,0x00,0xcc,0xff,0xcc,0x00,0xcc,0xff,
    0xcc,0x00,0xcc,0xff,0xcc,0x00,0xcc,0xff,0xcc,0x00,0xcc,0xff,0xcc,0x00,0xcc,0xff,
    0xcc,0x00,0xcc,0xff,0xcc,0x00,0xcc,0xff,0xcc,0x00,0xcc,0xff,0xcc,0x00,0xcc,0xff,
    0xcc,0x00,0xcc,0xff,0xcc,0x00,0xcc,0xff,0xcc,0x00,0xcc,0xff,0xcc,0x00,0xcc,0xff,
    0xcc,0x00,0xcc,0xff,0xcc,0x00,0xcc,0xff,0xcc,0x00,0xcc,0xff,0xcc,0x00,0xcc,0xff,
    0xcc,0x00,0xcc,0xff,0xcc,0x00,0xcc,0xff,0xcc,0x00,0xcc,0xff,0xcc,0x00,0xcc,0xff,
    0xcc,0x00,0xcc,0xff,0xaa,0x00,0xaa,0xff,0x22,0x00,0x22,0xff,0x00,0x00,0x00,0xff,
    0x00,0x00,0x00,0xff,0x00,0x00,0x00,0xff,0x00,0x00,0x00,0xff,0x00,0x00,0x00,0xff,
    0x00,0x00,0x00,0xff,0x00,0x00,0x00,0xff,0x00,0x00,0x00,0xff,0x00,0x00,0x00,0xff,
    0x00,0x00,0x00,0xff,0x00,0x00,0x00,0xff,0x00,0x00,0x00,0xff,0x00,0x00,0x00,0xff,
    0x00,0x00,0x00,0xff,0x00,0x00,0x00,0xff,0x00,0x00,0x00,0xff,0x00,0x00,0x00,0xff,
    0x00,0x00,0x00,0xff,0x00,0x00,0x00,0xff,0x00,0x00,0x00,0xff,0x00,0x00,0x00,0xff,
    0x00,0x00,0x00,0xff,0x00,0x00,0x00,0xff,0x00,0x00,0x00,0xff,0x00,0x00,0x00,0xff,
    0x00,0x00,0x00,0xff,0x00,0x00,0x00,0xff,0x00,0x00,0x00,0xff,0x00,0x00,0x00,0xff,
    0x00,0x00,0x00,0xff,0x00,0x00,0x00,0xff,0x00,0x00,0x00,0xff,0x00,0x00,0x00,0xff,
    0x00,0x00,0x00,0xff,0x00,0x00,0x00,0xff,0x00,0x00,0x00,0xff,0x00,0x00,0x00,0xff,
    0x00,0x00,0x00,0xff,0x22,0x22,0x22,0xff,0xaa,0xaa,0xaa,0xff,0xcc,0xcc,0xcc,0xff,
    0xcc,0xcc,0xcc,0xff,0xcc,0xcc,0xcc,0xff,0xcc,0xcc,0xcc,0xff,0xcc,0xcc,0xcc,0xff,
    0xcc,0xcc,0xcc,0xff,0xcc,0xcc,0xcc,0xff,0xaa,0xaa,0xaa,0xff,0x22,0x22,0x22,0xff,
    0x00,0x00,0x00,0xff,0x00,0x00,0x00,0xff,0x00,0x00,0x00,0xff,0x00,0x00,0x00,0xff,
    0x00,0x00,0x00,0xff,0x00,0x00,0x00,0xff,0x00,0x00,0x00,0xff,0x22,0x00,0x22,0xff,
    0xaa,0x00,0xaa,0xff,0xcc,0x00,0xcc,0xff,0xcc,0x00,0xcc,0xff,0xcc,0x00,0xcc,0xff,
    0xcc,0x00,0xcc,0xff,0xcc,0x00,0xcc,0xff,0xcc,0x00,0xcc,0xff,0xcc,0x00,0xcc,0xff,
    0xcc,0x00,0xcc,0xff,0xcc,0x00,0xcc,0xff,0xcc,0x00,0xcc,0xff,0xcc,0x00,0xcc,0xff,
    0xcc,0x00,0xcc,0xff,0xcc,0x00,0xcc,0xff,0xcc,0x00,0xcc,0xff,0xcc,0x00,0xcc,0xff,
    0xcc,0x00,0xcc,0xff,0xcc,0x00,0xcc,0xff,0xcc,0x00,0xcc,0xff,0xcc,0x00,0xcc,0xff,
    0xcc,0x00,0xcc,0xff,0xcc,0x00,0xcc,0xff,0xcc,0x00,0xcc,0xff,0xcc,0x00,0xcc,0xff,
    0xcc,0x00,0xcc,0xff,0xcc,0x00,0xcc,0xff,0xcc,0x00,0xcc,0xff,0xcc,0x00,0xcc,0xff,
    0xcc,0x00,0xcc,0xff,0xcc,0x00,0xcc,0xff,0xcc,0x00,0xcc,0xff,0xcc,0x00,0xcc,0xff,
    0xcc,0x00,0xcc,0xff,0xcc,0x00,0xcc,0xff,0xcc,0x00,0xcc,0xff,0xaa,0x00,0xaa,0xff,
    0x22,0x00,0x22,0xff,0x00,0x00,0x00,0xff,0x00,0x00,0x00,0xff,0x00,0x00,0x00,0xff,
    0x00,0x00,0x00,0xff,0x00,0x00,0x00,0xff,0x00,0x00,0x00,0xff,0x00,0x00,0x00,0xff,
    0x00,0x00,0x00,0xff,0x00,0x00,0x00,0xff,0x00,0x00,0x00,0xff,0x00,0x00,0x00,0xff,
    0x00,0x00,0x00,0xff,0x00,0x00,0x00,0xff,0x00,0x00,0x00,0xff,0x00,0x00,0x00,0xff,
    0x00,0x00,0x00,0xff,0x00,0x00,0x00,0xff,0x00,0x00,0x00,0xff,0x00,0x00,0x00,0xff,
    0x00,0x00,0x00,0xff,0x00,0x00,0x00,0xff,0x00,0x00,0x00,0xff,0x00,0x00,0x00,0xff,
    0x00,0x00,0x00,0xff,0x00,0x00,0x00,0xff,0x00,0x00,0x00,0xff,0x00,0x00,0x00,0xff,
    0x00,0x00,0x00,0xff,0x00,0x00,0x00,0xff,0x00,0x00,0x00,0xff,0x00,0x00,0x00,0xff,
    0x00,0x00,0x00,0xff,0x00,0x00,0x00,0xff,0x00,0x00,0x00,0xff,0x00,0x00,0x00,0xff,
    0x00,0x00,0x00,0xff,0x00,0x00,0x00,0xff,0x00,0x00,0x00,0xff,0x22,0x22,0x22,0xff,
    0xaa,0xaa,0xaa,0xff,0xcc,0xcc,0xcc,0xff,0xcc,0xcc,0xcc,0xff,0xcc,0xcc,0xcc,0xff,
    0xcc,0xcc,0xcc,0xff,0xcc,0xcc,0xcc,0xff,0xcc,0xcc,0xcc,0xff,0xcc,0xcc,0xcc,0xff,
    0xaa,0xaa,0xaa,0xff,0x22,0x22,0x22,0xff,0x00,0x00,0x00,0xff,0x00,0x00,0x00,0xff,
    0x00,0x00,0x00,0xff,0x00,0x00,0x00,0xff,0x00,0x00,0x00,0xff,0x00,0x00,0x00,0xff,
    0x00,0x00,0x00,0xff,0x22,0x11,0x22,0xff,0xaa,0x55,0xaa,0xff,0xcc,0x66,0xcc,0xff,
    0xcc,0x66,0xcc,0xff,0xcc,0x66,0xcc,0xff,0xcc,0x66,0xcc,0xff,0xcc,0x66,0xcc,0xff,
    0xcc,0x66,0xcc,0xff,0xcc,0x66,0xcc,0xff,0xcc,0x66,0xcc,0xff,0xcc,0x66,0xcc,0xff,
    0xcc,0x66,0xcc,0xff,0xcc,0x66,0xcc,0xff,0xcc,0x66,0xcc,0xff,0xcc,0x66,0xcc,0xff,
    0xcc,0x66,0xcc,0xff,0xcc,0x66,0xcc,0xff,0xcc,0x66,0xcc,0xff,0xcc,0x66,0xcc,0xff,
    0xcc,0x66,0xcc,0xff,0xcc,0x66,0xcc,0xff,0xcc,0x66,0xcc,0xff,0xcc,0x66,0xcc,0xff,
    0xcc,0x66,0xcc,0xff,0xcc,0x66,0xcc,0xff,0xcc,0x66,0xcc,0xff,0xcc,0x66,0xcc,0xff,
    0xcc,0x66,0xcc,0xff,0xcc,0x66,0xcc,0xff,0xcc,0x66,0xcc,0xff,0xcc,0x66,0xcc,0xff,
    0xcc,0x66,0xcc,0xff,0xcc,0x66,0xcc,0xff,0xcc,0x66,0xcc,0xff,0xcc,0x66,0xcc,0xff,
    0xcc,0x66,0xcc,0xff,0xaa,0x54,0xaa,0xff,0x22,0x11,0x22,0xff,0x00,0x00,0x00,0xff,
    0x00,0x00,0x00,0xff,0x00,0x00,0x00,0xff,0x00,0x00,0x00,0xff,0x00,0x00,0x00,0xff,
    0x00,0x00,0x00,0xff,0x00,0x00,0x00,0xff,0x00,0x00,0x00,0xff,0x00,0x00,0x00,0xff,
    0x00,0x00,0x00,0xff,0x00,0x00,0x00,0xff,0x00,0x00,0x00,0xff,0x00,0x00,0x00,0xff,
    0x00,0x00,0x00,0xff,0x00,0x00,0x00,0xff,0x00,0x00,0x00,0xff,0x00,0x00,0x00,0xff,
    0x00,0x00,0x00,0xff,0x00,0x00,0x00,0xff,0x00,0x00,0x00,0xff,0x00,0x00,0x00,0xff,
    0x00,0x00,0x00,0xff,0x00,0x00,0x00,0xff,0x00,0x00,0x00,0xff,0x00,0x00,0x00,0xff,
    0x00,0x00,0x00,0xff,0x00,0x00,0x00,0xff,0x00,0x00,0x00,0xff,0x00,0x00,0x00,0xff,
    0x00,0x00,0x00,0xff,0x00,0x00,0x00,0xff,0x00,0x00,0x00,0xff,0x00,0x00,0x00,0xff,
    0x00,0x00,0x00,0xff,0x00,0x00,0x00,0xff,0x00,0x00,0x00,0xff,0x00,0x00,0x00,0xff,
    0x00,0x00,0x00,0xff,0x22,0x22,0x22,0xff,0xaa,0xaa,0xaa,0xff,0xcc,0xcc,0xcc,0xff,
    0xcc,0xcc,0xcc,0xff,0xcc,0xcc,0xcc,0xff,0xcc,0xcc,0xcc,0xff,0xcc,0xcc,0xcc,0xff,
    0xcc,0xcc,0xcc,0xff,0xcc,0xcc,0xcc,0xff,0xaa,0xaa,0xaa,0xff,0x22,0x22,0x22,0xff,
    0x00,0x00,0x00,0xff,0x00,0x00,0x00,0xff,0x00,0x00,0x00,0xff,0x00,0x00,0x00,0xff,
    0x00,0x00,0x00,0xff,0x00,0x00,0x00,0xff,0x00,0x00,0x00,0xff,0x22,0x22,0x22,0xff,
    0xaa,0xaa,0xaa,0xff,0xcc,0xcc,0xcc,0xff,0xcc,0xcc,0xcc,0xff,0xcc,0xcc,0xcc,0xff,
    0xcc,0xcc,0xcc,0xff,0xcc,0xcc,0xcc,0xff,0xcc,0xcc,0xcc,0xff,0xcc,0xcc,0xcc,0xff,
    0xcc,0xcc,0xcc,0xff,0xcc,0xcc,0xcc,0xff,0xcc,0xcc,0xcc,0xff,0xcc,0xcc,0xcc,0xff,
    0xcc,0xcc,0xcc,0xff,0xcc,0xcc,0xcc,0xff,0xcc,0xcc,0xcc,0xff,0xcc,0xcc,0xcc,0xff,
    0xcc,0xcc,0xcc,0xff,0xcc,0xcc,0xcc,0xff,0xcc,0xcc,0xcc,0xff,0xcc,0xcc,0xcc,0xff,
    0xcc,0xcc,0xcc,0xff,0xcc,0xcc,0xcc,0xff,0xcc,0xcc,0xcc,0xff,0xcc,0xcc,0xcc,0xff,
    0xcc,0xcc,0xcc,0xff,0xcc,0xcc,0xcc,0xff,0xcc,0xcc,0xcc,0xff,0xcc,0xcc,0xcc,0xff,
    0xcc,0xcc,0xcc,0xff,0xcc,0xcc,0xcc,0xff,0xcc,0xcc,0xcc,0xff,0xcc,0xcc,0xcc,0xff,
    0xcc,0xcc,0xcc,0xff,0xcc,0xcc,0xcc,0xff,0xcc,0xcc,0xcc,0xff,0xaa,0xaa,0xaa,0xff,
    0x22,0x22,0x22,0xff,0x00,0x00,0x00,0xff,0x00,0x00,0x00,0xff,0x00,0x00,0x00,0xff,
    0x00,0x00,0x00,0xff,0x00,0x00,0x00,0xff,0x00,0x00,0x00,0xff,0x00,0x00,0x00,0xff,
    0x00,0x00,0x00,0xff,0x00,0x00,0x00,0xff,0x00,0x00,0x00,0xff,0x00,0x00,0x00,0xff,
    0x00,0x00,0x00,0xff,0x00,0x00,0x00,0xff,0x00,0x00,0x00,0xff,0x00,0x00,0x00,0xff,
    0x00,0x00,0x00,0xff,0x00,0x00,0x00,0xff,0x00,0x00,0x00,0xff,0x00,0x00,0x00,0xff,
    0x00,0x00,0x00,0xff,0x00,0x00,0x00,0xff,0x00,0x00,0x00,0xff,0x00,0x00,0x00,0xff,
    0x00,0x00,0x00,0xff,0x00,0x00,0x00,0xff,0x00,0x00,0x00,0xff,0x00,0x00,0x00,0xff,
    0x00,0x00,0x00,0xff,0x00,0x00,0x00,0xff,0x00,0x00,0x00,0xff,0x00,0x00,0x00,0xff,
    0x00,0x00,0x00,0xff,0x00,0x00,0x00,0xff,0x00,0x00,0x00,0xff,0x00,0x00,0x00,0xff,
    0x00,0x00,0x00,0xff,0x00,0x00,0x00,0xff,0x00,0x00,0x00,0xff,0x22,0x22,0x22,0xff,
    0xaa,0xaa,0xaa,0xff,0xcc,0xcc,0xcc,0xff,0xcc,0xcc,0xcc,0xff,0xcc,0xcc,0xcc,0xff,
    0xcc,0xcc,0xcc,0xff,0xcc,0xcc,0xcc,0xff,0xcc,0xcc,0xcc,0xff,0xcc,0xcc,0xcc,0xff,
    0xaa,0xaa,0xaa,0xff,0x22,0x22,0x22,0xff,0x00,0x00,0x00,0xff,0x00,0x00,0x00,0xff,
    0x00,0x00,0x00,0xff,0x00,0x00,0x00,0xff,0x00,0x00,0x00,0xff,0x00,0x00,0x00,0xff,
    0x00,0x00,0x00,0xff,0x22,0x22,0x22,0xff,0xaa,0xaa,0xaa,0xff,0xcc,0xcc,0xcc,0xff,
    0xcc,0xcc,0xcc,0xff,0xcc,0xcc,0xcc,0xff,0xcc,0xcc,0xcc,0xff,0xcc,0xcc,0xcc,0xff,
    0xcc,0xcc,0xcc,0xff,0xcc,0xcc,0xcc,0xff,0xcc,0xcc,0xcc,0xff,0xcc,0xcc,0xcc,0xff,
    0xcc,0xcc,0xcc,0xff,0xcc,0xcc,0xcc,0xff,0xcc,0xcc,0xcc,0xff,0xcc,0xcc,0xcc,0xff,
    0xcc,0xcc,0xcc,0xff,0xcc,0xcc,0xcc,0xff,0xcc,0xcc,0xcc,0xff,0xcc,0xcc,0xcc,0xff,
    0xcc,0xcc,0xcc,0xff,0xcc,0xcc,0xcc,0xff,0xcc,0xcc,0xcc,0xff,0xcc,0xcc,0xcc,0xff,
    0xcc,0xcc,0xcc,0xff,0xcc,0xcc,0xcc,0xff,0xcc,0xcc,0xcc,0xff,0xcc,0xcc,0xcc,0xff,
    0xcc,0xcc,0xcc,0xff,0xcc,0xcc,0xcc,0xff,0xcc,0xcc,0xcc,0xff,0xcc,0xcc,0xcc,0xff,
    0xcc,0xcc,0xcc,0xff,0xcc,0xcc,0xcc,0xff,0xcc,0xcc,0xcc,0xff,0xcc,0xcc,0xcc,0xff,
    0xcc,0xcc,0xcc,0xff,0xaa,0xaa,0xaa,0xff,0x22,0x22,0x22,0xff,0x00,0x00,0x00,0xff,
    0x00,0x00,0x00,0xff,0x00,0x00,0x00,0xff,0x00,0x00,0x00,0xff,0x00,0x00,0x00,0xff,
    0x00,0x00,0x00,0xff,0x00,0x00,0x00,0xff,0x00,0x00,0x00,0xff,0x00,0x00,0x00,0xff,
    0x00,0x00,0x00,0xff,0x00,0x00,0x00,0xff,0x00,0x00,0x00,0xff,0x00,0x00,0x00,0xff,
    0x00,0x00,0x00,0xff,0x00,0x00,0x00,0xff,0x00,0x00,0x00,0xff,0x00,0x00,0x00,0xff,
    0x00,0x00,0x00,0xff,0x00,0x00,0x00,0xff,0x00,0x00,0x00,0xff,0x00,0x00,0x00,0xff,
    0x00,0x00,0x00,0xff,0x00,0x00,0x00,0xff,0x00,0x00,0x00,0xff,0x00,0x00,0x00,0xff,
    0x00,0x00,0x00,0xff,0x00,0x00,0x00,0xff,0x00,0x00,0x00,0xff,0x00,0x00,0x00,0xff,
    0x00,0x00,0x00,0xff,0x00,0x00,0x00,0xff,0x00,0x00,0x00,0xff,0x00,0x00,0x00,0xff,
    0x00,0x00,0x00,0xff,0x00,0x00,0x00,0xff,0x00,0x00,0x00,0xff,0x00,0x00,0x00,0xff,
    0x00,0x00,0x00,0xff,0x22,0x22,0x22,0xff,0xaa,0xaa,0xaa,0xff,0xcc,0xcc,0xcc,0xff,
    0xcc,0xcc,0xcc,0xff,0xcc,0xcc,0xcc,0xff,0xcc,0xcc,0xcc,0xff,0xcc,0xcc,0xcc,0xff,
    0xcc,0xcc,0xcc,0xff,0xcc,0xcc,0xcc,0xff,0xaa,0xaa,0xaa,0xff,0x22,0x22,0x22,0xff,
    0x00,0x00,0x00,0xff,0x00,0x00,0x00,0xff,0x00,0x00,0x00,0xff,0x00,0x00,0x00,0xff,
    0x00,0x00,0x00,0xff,0x00,0x00,0x00,0xff,0x00,0x00,0x00,0xff,0x22,0x22,0x22,0xff,
    0xaa,0xaa,0xaa,0xff,0xcc,0xcc,0xcc,0xff,0xcc,0xcc,0xcc,0xff,0xcc,0xcc,0xcc,0xff,
    0xcc,0xcc,0xcc,0xff,0xcc,0xcc,0xcc,0xff,0xcc,0xcc,0xcc,0xff,0xcc,0xcc,0xcc,0xff,
    0xcc,0xcc,0xcc,0xff,0xcc,0xcc,0xcc,0xff,0xcc,0xcc,0xcc,0xff,0xcc,0xcc,0xcc,0xff,
    0xcc,0xcc,0xcc,0xff,0xcc,0xcc,0xcc,0xff,0xcc,0xcc,0xcc,0xff,0xcc,0xcc,0xcc,0xff,
    0xcc,0xcc,0xcc,0xff,0xcc,0xcc,0xcc,0xff,0xcc,0xcc,0xcc,0xff,0xcc,0xcc,0xcc,0xff,
    0xcc,0xcc,0xcc,0xff,0xcc,0xcc,0xcc,0xff,0xcc,0xcc,0xcc,0xff,0xcc,0xcc,0xcc,0xff,
    0xcc,0xcc,0xcc,0xff,0xcc,0xcc,0xcc,0xff,0xcc,0xcc,0xcc,0xff,0xcc,0xcc,0xcc,0xff,
    0xcc,0xcc,0xcc,0xff,0xcc,0xcc,0xcc,0xff,0xcc,0xcc,0xcc,0xff,0xcc,0xcc,0xcc,0xff,
    0xcc,0xcc,0xcc,0xff,0xcc,0xcc,0xcc,0xff,0xcc,0xcc,0xcc,0xff,0xaa,0xaa,0xaa,0xff,
    0x22,0x22,0x22,0xff,0x00,0x00,0x00,0xff,0x00,0x00,0x00,0xff,0x00,0x00,0x00,0xff,
    0x00,0x00,0x00,0xff,0x00,0x00,0x00,0xff,0x00,0x00,0x00,0xff,0x00,0x00,0x00,0xff,
    0x00,0x00,0x00,0xff,0x00,0x00,0x00,0xff,0x00,0x00,0x00,0xff,0x00,0x00,0x00,0xff,
    0x00,0x00,0x00,0xff,0x00,0x00,0x00,0xff,0x00,0x00,0x00,0xff,0x00,0x00,0x00,0xff,
    0x00,0x00,0x00,0xff,0x00,0x00,0x00,0xff,0x00,0x00,0x00,0xff,0x00,0x00,0x00,0xff,
    0x00,0x00,0x00,0xff,0x00,0x00,0x00,0xff,0x00,0x00,0x00,0xff,0x00,0x00,0x00,0xff,
    0x00,0x00,0x00,0xff,0x00,0x00,0x00,0xff,0x00,0x00,0x00,0xff,0x00,0x00,0x00,0xff,
    0x00,0x00,0x00,0xff,0x00,0x00,0x00,0xff,0x00,0x00,0x00,0xff,0x00,0x00,0x00,0xff,
    0x00,0x00,0x00,0xff,0x00,0x00,0x00,0xff,0x00,0x00,0x00,0xff,0x00,0x00,0x00,0xff,
    0x00,0x00,0x00,0xff,0x00,0x00,0x00,0xff,0x00,0x00,0x00,0xff,0x22,0x22,0x22,0xff,
    0xaa,0xaa,0xaa,0xff,0xcc,0xcc,0xcc,0xff,0xcc,0xcc,0xcc,0xff,0xcc,0xcc,0xcc,0xff,
    0xcc,0xcc,0xcc,0xff,0xcc,0xcc,0xcc,0xff,0xcc,0xcc,0xcc,0xff,0xcc,0xcc,0xcc,0xff,
    0xaa,0xaa,0xaa,0xff,0x22,0x22,0x22,0xff,0x00,0x00,0x00,0xff,0x00,0x00,0x00,0xff,
    0x00,0x00,0x00,0xff,0x00,0x00,0x00,0xff,0x00,0x00,0x00,0xff,0x00,0x00,0x00,0xff,
    0x00,0x00,0x00,0xff,0x1d,0x1d,0x1d,0xff,0x8d,0x8d,0x8d,0xff,0xaa,0xaa,0xaa,0xff,
    0xaa,0xaa,0xaa,0xff,0xaa,0xaa,0xaa,0xff,0xaa,0xaa,0xaa,0xff,0xaa,0xaa,0xaa,0xff,
    0xaa,0xaa,0xaa,0xff,0xaa,0xaa,0xaa,0xff,0xaa,0xaa,0xaa,0xff,0xaa,0xaa,0xaa,0xff,
    0xaa,0xaa,0xaa,0xff,0xaa,0xaa,0xaa,0xff,0xaa,0xaa,0xaa,0xff,0xaa,0xaa,0xaa,0xff,
    0xaa,0xaa,0xaa,0xff,0xaa,0xaa,0xaa,0xff,0xaa,0xaa,0xaa,0xff,0xaa,0xaa,0xaa,0xff,
    0xaa,0xaa,0xaa,0xff,0xaa,0xaa,0xaa,0xff,0xaa,0xaa,0xaa,0xff,0xaa,0xaa,0xaa,0xff,
    0xaa,0xaa,0xaa,0xff,0xaa,0xaa,0xaa,0xff,0xaa,0xaa,0xaa,0xff,0xaa,0xaa,0xaa,0xff,
    0xaa,0xaa,0xaa,0xff,0xaa,0xaa,0xaa,0xff,0xaa,0xaa,0xaa,0xff,0xaa,0xaa,0xaa,0xff,
    0xaa,0xaa,0xaa,0xff,0xaa,0xaa,0xaa,0xff,0xaa,0xaa,0xaa,0xff,0xaa,0xaa,0xaa,0xff,
    0xaa,0xaa,0xaa,0xff,0x8d,0x8d,0x8d,0xff,0x1d,0x1d,0x1d,0xff,0x00,0x00,0x00,0xff,
    0x00,0x00,0x00,0xff,0x00,0x00,0x00,0xff,0x00,0x00,0x00,0xff,0x00,0x00,0x00,0xff,
    0x00,0x00,0x00,0xff,0x00,0x00,0x00,0xff,0x00,0x00,0x00,0xff,0x00,0x00,0x00,0xff,
    0x00,0x00,0x00,0xff,0x00,0x00,0x00,0xff,0x00,0x00,0x00,0xff,0x00,0x00,0x00,0xff,
    0x00,0x00,0x00,0xff,0x00,0x00,0x00,0xff,0x00,0x00,0x00,0xff,0x00,0x00,0x00,0xff,
    0x00,0x00,0x00,0xff,0x00,0x00,0x00,0xff,0x00,0x00,0x00,0xff,0x00,0x00,0x00,0xff,
    0x00,0x00,0x00,0xff,0x00,0x00,0x00,0xff,0x00,0x00,0x00,0xff,0x00,0x00,0x00,0xff,
    0x00,0x00,0x00,0xff,0x00,0x00,0x00,0xff,0x00,0x00,0x00,0xff,0x00,0x00,0x00,0xff,
    0x00,0x00,0x00,0xff,0x00,0x00,0x00,0xff,0x00,0x00,0x00,0xff,0x00,0x00,0x00,0xff,
    0x00,0x00,0x00,0xff,0x00,0x00,0x00,0xff,0x00,0x00,0x00,0xff,0x00,0x00,0x00,0xff,
    0x00,0x00,0x00,0xff,0x22,0x22,0x22,0xff,0xaa,0xaa,0xaa,0xff,0xcc,0xcc,0xcc,0xff,
    0xcc,0xcc,0xcc,0xff,0xcc,0xcc,0xcc,0xff,0xcc,0xcc,0xcc,0xff,0xcc,0xcc,0xcc,0xff,
    0xcc,0xcc,0xcc,0xff,0xcc,0xcc,0xcc,0xff,0xaa,0xaa,0xaa,0xff,0x22,0x22,0x22,0xff,
    0x00,0x00,0x00,0xff,0x00,0x00,0x00,0xff,0x00,0x00,0x00,0xff,0x00,0x00,0x00,0xff,
    0x00,0x00,0x00,0xff,0x00,0x00,0x00,0xff,0x00,0x00,0x00,0xff,0x06,0x06,0x06,0xff,
    0x1d,0x1d,0x1d,0xff,0x22,0x22,0x22,0xff,0x22,0x22,0x22,0xff,0x22,0x22,0x22,0xff,
    0x22,0x22,0x22,0xff,0x22,0x22,0x22,0xff,0x22,0x22,0x22,0xff,0x22,0x22,0x22,0xff,
    0x22,0x22,0x22,0xff,0x22,0x22,0x22,0xff,0x22,0x22,0x22,0xff,0x22,0x22,0x22,0xff,
    0x22,0x22,0x22,0xff,0x22,0x22,0x22,0xff,0x22,0x22,0x22,0xff,0x22,0x22,0x22,0xff,
    0x22,0x22,0x22,0xff,0x22,0x22,0x22,0xff,0x22,0x22,0x22,0xff,0x22,0x22,0x22,0xff,
    0x22,0x22,0x22,0xff,0x22,0x22,0x22,0xff,0x22,0x22,0x22,0xff,0x22,0x22,0x22,0xff,
    0x22,0x22,0x22,0xff,0x22,0x22,0x22,0xff,0x22,0x22,0x22,0xff,0x22,0x22,0x22,0xff,
    0x22,0x22,0x22,0xff,0x22,0x22,0x22,0xff,0x22,0x22,0x22,0xff,0x22,0x22,0x22,0xff,
    0x22,0x22,0x22,0xff,0x22,0x22,0x22,0xff,0x22,0x22,0x22,0xff,0x1d,0x1d,0x1d,0xff,
    0x06,0x06,0x06,0xff,0x00,0x00,0x00,0xff,0x00,0x00,0x00,0xff,0x00,0x00,0x00,0xff,
    0x00,0x00,0x00,0xff,0x00,0x00,0x00,0xff,0x00,0x00,0x00,0xff,0x00,0x00,0x00,0xff,
    0x00,0x00,0x00,0xff,0x00,0x00,0x00,0xff,0x00,0x00,0x00,0xff,0x00,0x00,0x00,0xff,
    0x00,0x00,0x00,0xff,0x00,0x00,0x00,0xff,0x00,0x00,0x00,0xff,0x00,0x00,0x00,0xff,
    0x00,0x00,0x00,0xff,0x00,0x00,0x00,0xff,0x00,0x00,0x00,0xff,0x00,0x00,0x00,0xff,
    0x00,0x00,0x00,0xff,0x00,0x00,0x00,0xff,0x00,0x00,0x00,0xff,0x00,0x00,0x00,0xff,
    0x00,0x00,0x00,0xff,0x00,0x00,0x00,0xff,0x00,0x00,0x00,0xff,0x00,0x00,0x00,0xff,
    0x00,0x00,0x00,0xff,0x00,0x00,0x00,0xff,0x00,0x00,0x00,0xff,0x00,0x00,0x00,0xff,
    0x00,0x00,0x00,0xff,0x00,0x00,0x00,0xff,0x00,0x00,0x00,0xff,0x00,0x00,0x00,0xff,
    0x00,0x00,0x00,0xff,0x00,0x00,0x00,0xff,0x00,0x00,0x00,0xff,0x22,0x22,0x22,0xff,
    0xaa,0xaa,0xaa,0xff,0xcc,0xcc,0xcc,0xff,0xcc,0xcc,0xcc,0xff,0xcc,0xcc,0xcc,0xff,
    0xcc,0xcc,0xcc,0xff,0xcc,0xcc,0xcc,0xff,0xcc,0xcc,0xcc,0xff,0xcc,0xcc,0xcc,0xff,
    0xaa,0xaa,0xaa,0xff,0x22,0x22,0x22,0xff,0x00,0x00,0x00,0xff,0x00,0x00,0x00,0xff,
    0x00,0x00,0x00,0xff,0x00,0x00,0x00,0xff,0x00,0x00,0x00,0xff,0x00,0x00,0x00,0xff,
    0x00,0x00,0x00,0xff,0x00,0x00,0x00,0xff,0x00,0x00,0x00,0xff,0x00,0x00,0x00,0xff,
    0x00,0x00,0x00,0xff,0x00,0x00,0x00,0xff,0x00,0x00,0x00,0xff,0x00,0x00,0x00,0xff,
    0x00,0x00,0x00,0xff,0x00,0x00,0x00,0xff,0x00,0x00,0x00,0xff,0x00,0x00,0x00,0xff,
    0x00,0x00,0x00,0xff,0x00,0x00,0x00,0xff,0x00,0x00,0x00,0xff,0x00,0x00,0x00,0xff,
    0x00,0x00,0x00,0xff,0x00,0x00,0x00,0xff,0x00,0x00,0x00,0xff,0x00,0x00,0x00,0xff,
    0x00,0x00,0x00,0xff,0x00,0x00,0x00,0xff,0x00,0x00,0x00,0xff,0x00,0x00,0x00,0xff,
    0x00,0x00,0x00,0xff,0x00,0x00,0x00,0xff,0x00,0x00,0x00,0xff,0x00,0x00,0x00,0xff,
    0x00,0x00,0x00,0xff,0x00,0x00,0x00,0xff,0x00,0x00,0x00,0xff,0x00,0x00,0x00,0xff,
    0x00,0x00,0x00,0xff,0x00,0x00,0x00,0xff,0x00,0x00,0x00,0xff,0x00,0x00,0x00,0xff,
    0x00,0x00,0x00,0xff,0x00,0x00,0x00,0xff,0x00,0x00,0x00,0xff,0x00,0x00,0x00,0xff,
    0x00,0x00,0x00,0xff,0x00,0x00,0x00,0xff,0x00,0x00,0x00,0xff,0x00,0x00,0x00,0xff,
    0x00,0x00,0x00,0xff,0x00,0x00,0x00,0xff,0x00,0x00,0x00,0xff,0x00,0x00,0x00,0xff,
    0x00,0x00,0x00,0xff,0x00,0x00,0x00,0xff,0x00,0x00,0x00,0xff,0x00,0x00,0x00,0xff,
    0x00,0x00,0x00,0xff,0x00,0x00,0x00,0xff,0x00,0x00,0x00,0xff,0x00,0x00,0x00,0xff,
    0x00,0x00,0x00,0xff,0x00,0x00,0x00,0xff,0x00,0x00,0x00,0xff,0x00,0x00,0x00,0xff,
    0x00,0x00,0x00,0xff,0x00,0x00,0x00,0xff,0x00,0x00,0x00,0xff,0x00,0x00,0x00,0xff,
    0x00,0x00,0x00,0xff,0x00,0x00,0x00,0xff,0x00,0x00,0x00,0xff,0x00,0x00,0x00,0xff,
    0x00,0x00,0x00,0xff,0x00,0x00,0x00,0xff,0x00,0x00,0x00,0xff,0x00,0x00,0x00,0xff,
    0x00,0x00,0x00,0xff,0x00,0x00,0x00,0xff,0x00,0x00,0x00,0xff,0x00,0x00,0x00,0xff,
    0x00,0x00,0x00,0xff,0x22,0x22,0x22,0xff,0xaa,0xaa,0xaa,0xff,0xcc,0xcc,0xcc,0xff,
    0xcc,0xcc,0xcc,0xff,0xcc,0xcc,0xcc,0xff,0xcc,0xcc,0xcc,0xff,0xcc,0xcc,0xcc,0xff,
    0xcc,0xcc,0xcc,0xff,0xcc,0xcc,0xcc,0xff,0xaa,0xaa,0xaa,0xff,0x22,0x22,0x22,0xff,
    0x00,0x00,0x00,0xff,0x00,0x00,0x00,0xff,0x00,0x00,0x00,0xff,0x00,0x00,0x00,0xff,
    0x00,0x00,0x00,0xff,0x00,0x00,0x00,0xff,0x00,0x00,0x00,0xff,0x00,0x00,0x00,0xff,
    0x00,0x00,0x00,0xff,0x00,0x00,0x00,0xff,0x00,0x00,0x00,0xff,0x00,0x00,0x00,0xff,
    0x00,0x00,0x00,0xff,0x00,0x00,0x00,0xff,0x00,0x00,0x00,0xff,0x00,0x00,0x00,0xff,
    0x00,0x00,0x00,0xff,0x00,0x00,0x00,0xff,0x00,0x00,0x00,0xff,0x00,0x00,0x00,0xff,
    0x00,0x00,0x00,0xff,0x00,0x00,0x00,0xff,0x00,0x00,0x00,0xff,0x00,0x00,0x00,0xff,
    0x00,0x00,0x00,0xff,0x00,0x00,0x00,0xff,0x00,0x00,0x00,0xff,0x00,0x00,0x00,0xff,
    0x00,0x00,0x00,0xff,0x00,0x00,0x00,0xff,0x00,0x00,0x00,0xff,0x00,0x00,0x00,0xff,
    0x00,0x00,0x00,0xff,0x00,0x00,0x00,0xff,0x00,0x00,0x00,0xff,0x00,0x00,0x00,0xff,
    0x00,0x00,0x00,0xff,0x00,0x00,0x00,0xff,0x00,0x00,0x00,0xff,0x00,0x00,0x00,0xff,
    0x00,0x00,0x00,0xff,0x00,0x00,0x00,0xff,0x00,0x00,0x00,0xff,0x00,0x00,0x00,0xff,
    0x00,0x00,0x00,0xff,0x00,0x00,0x00,0xff,0x00,0x00,0x00,0xff,0x00,0x00,0x00,0xff,
    0x00,0x00,0x00,0xff,0x00,0x00,0x00,0xff,0x00,0x00,0x00,0xff,0x00,0x00,0x00,0xff,
    0x00,0x00,0x00,0xff,0x00,0x00,0x00,0xff,0x00,0x00,0x00,0xff,0x00,0x00,0x00,0xff,
    0x00,0x00,0x00,0xff,0x00,0x00,0x00,0xff,0x00,0x00,0x00,0xff,0x00,0x00,0x00,0xff,
    0x00,0x00,0x00,0xff,0x00,0x00,0x00,0xff,0x00,0x00,0x00,0xff,0x00,0x00,0x00,0xff,
    0x00,0x00,0x00,0xff,0x00,0x00,0x00,0xff,0x00,0x00,0x00,0xff,0x00,0x00,0x00,0xff,
    0x00,0x00,0x00,0xff,0x00,0x00,0x00,0xff,0x00,0x00,0x00,0xff,0x00,0x00,0x00,0xff,
    0x00,0x00,0x00,0xff,0x00,0x00,0x00,0xff,0x00,0x00,0x00,0xff,0x00,0x00,0x00,0xff,
    0x00,0x00,0x00,0xff,0x00,0x00,0x00,0xff,0x00,0x00,0x00,0xff,0x00,0x00,0x00,0xff,
    0x00,0x00,0x00,0xff,0x00,0x00,0x00,0xff,0x00,0x00,0x00,0xff,0x22,0x22,0x22,0xff,
    0xaa,0xaa,0xaa,0xff,0xcc,0xcc,0xcc,0xff,0xcc,0xcc,0xcc,0xff,0xcc,0xcc,0xcc,0xff,
    0xcc,0xcc,0xcc,0xff,0xcc,0xcc,0xcc,0xff,0xcc,0xcc,0xcc,0xff,0xcc,0xcc,0xcc,0xff,
    0xaa,0xaa,0xaa,0xff,0x22,0x22,0x22,0xff,0x00,0x00,0x00,0xff,0x00,0x00,0x00,0xff,
    0x00,0x00,0x00,0xff,0x00,0x00,0x00,0xff,0x00,0x00,0x00,0xff,0x00,0x00,0x00,0xff,
    0x00,0x00,0x00,0xff,0x00,0x00,0x00,0xff,0x00,0x00,0x00,0xff,0x00,0x00,0x00,0xff,
    0x00,0x00,0x00,0xff,0x00,0x00,0x00,0xff,0x00,0x00,0x00,0xff,0x00,0x00,0x00,0xff,
    0x00,0x00,0x00,0xff,0x00,0x00,0x00,0xff,0x00,0x00,0x00,0xff,0x00,0x00,0x00,0xff,
    0x00,0x00,0x00,0xff,0x00,0x00,0x00,0xff,0x00,0x00,0x00,0xff,0x00,0x00,0x00,0xff,
    0x00,0x00,0x00,0xff,0x00,0x00,0x00,0xff,0x00,0x00,0x00,0xff,0x00,0x00,0x00,0xff,
    0x00,0x00,0x00,0xff,0x00,0x00,0x00,0xff,0x00,0x00,0x00,0xff,0x00,0x00,0x00,0xff,
    0x00,0x00,0x00,0xff,0x00,0x00,0x00,0xff,0x00,0x00,0x00,0xff,0x00,0x00,0x00,0xff,
    0x00,0x00,0x00,0xff,0x00,0x00,0x00,0xff,0x00,0x00,0x00,0xff,0x00,0x00,0x00,0xff,
    0x00,0x00,0x00,0xff,0x00,0x00,0x00,0xff,0x00,0x00,0x00,0xff,0x00,0x00,0x00,0xff,
    0x00,0x00,0x00,0xff,0x00,0x00,0x00,0xff,0x00,0x00,0x00,0xff,0x00,0x00,0x00,0xff,
    0x00,0x00,0x00,0xff,0x00,0x00,0x00,0xff,0x00,0x00,0x00,0xff,0x00,0x00,0x00,0xff,
    0x00,0x00,0x00,0xff,0x00,0x00,0x00,0xff,0x00,0x00,0x00,0xff,0x00,0x00,0x00,0xff,
    0x00,0x00,0x00,0xff,0x00,0x00,0x00,0xff,0x00,0x00,0x00,0xff,0x00,0x00,0x00,0xff,
    0x00,0x00,0x00,0xff,0x00,0x00,0x00,0xff,0x00,0x00,0x00,0xff,0x00,0x00,0x00,0xff,
    0x00,0x00,0x00,0xff,0x00,0x00,0x00,0xff,0x00,0x00,0x00,0xff,0x00,0x00,0x00,0xff,
    0x00,0x00,0x00,0xff,0x00,0x00,0x00,0xff,0x00,0x00,0x00,0xff,0x00,0x00,0x00,0xff,
    0x00,0x00,0x00,0xff,0x00,0x00,0x00,0xff,0x00,0x00,0x00,0xff,0x00,0x00,0x00,0xff,
    0x00,0x00,0x00,0xff,0x00,0x00,0x00,0xff,0x00,0x00,0x00,0xff,0x00,0x00,0x00,0xff,
    0x00,0x00,0x00,0xff,0x00,0x00,0x00,0xff,0x00,0x00,0x00,0xff,0x00,0x00,0x00,0xff,
    0x00,0x00,0x00,0xff,0x11,0x11,0x11,0xff,0x54,0x54,0x54,0xff,0x66,0x66,0x66,0xff,
    0x66,0x66,0x66,0xff,0x66,0x66,0x66,0xff,0x66,0x66,0x66,0xff,0x66,0x66,0x66,0xff,
    0x66,0x66,0x66,0xff,0x66,0x66,0x66,0xff,0x55,0x55,0x55,0xff,0x11,0x11,0x11,0xff,
    0x00,0x00,0x00,0xff,0x00,0x00,0x00,0xff,0x00,0x00,0x00,0xff,0x00,0x00,0x00,0xff,
    0x00,0x00,0x00,0xff,0x00,0x00,0x00,0xff,0x00,0x00,0x00,0xff,0x11,0x11,0x11,0xff,
    0x55,0x55,0x55,0xff,0x66,0x66,0x66,0xff,0x66,0x66,0x66,0xff,0x66,0x66,0x66,0xff,
    0x66,0x66,0x66,0xff,0x66,0x66,0x66,0xff,0x66,0x66,0x66,0xff,0x66,0x66,0x66,0xff,
    0x66,0x66,0x66,0xff,0x66,0x66,0x66,0xff,0x66,0x66,0x66,0xff,0x66,0x66,0x66,0xff,
    0x66,0x66,0x66,0xff,0x66,0x66,0x66,0xff,0x66,0x66,0x66,0xff,0x66,0x66,0x66,0xff,
    0x66,0x66,0x66,0xff,0x66,0x66,0x66,0xff,0x66,0x66,0x66,0xff,0x66,0x66,0x66,0xff,
    0x66,0x66,0x66,0xff,0x66,0x66,0x66,0xff,0x66,0x66,0x66,0xff,0x66,0x66,0x66,0xff,
    0x66,0x66,0x66,0xff,0x66,0x66,0x66,0xff,0x54,0x54,0x54,0xff,0x11,0x11,0x11,0xff,
    0x00,0x00,0x00,0xff,0x00,0x00,0x00,0xff,0x00,0x00,0x00,0xff,0x00,0x00,0x00,0xff,
    0x00,0x00,0x00,0xff,0x00,0x00,0x00,0xff,0x00,0x00,0x00,0xff,0x00,0x00,0x00,0xff,
    0x00,0x00,0x00,0xff,0x00,0x00,0x00,0xff,0x00,0x00,0x00,0xff,0x00,0x00,0x00,0xff,
    0x00,0x00,0x00,0xff,0x00,0x00,0x00,0xff,0x00,0x00,0x00,0xff,0x00,0x00,0x00,0xff,
    0x00,0x00,0x00,0xff,0x00,0x00,0x00,0xff,0x00,0x00,0x00,0xff,0x00,0x00,0x00,0xff,
    0x00,0x00,0x00,0xff,0x00,0x00,0x00,0xff,0x00,0x00,0x00,0xff,0x00,0x00,0x00,0xff,
    0x00,0x00,0x00,0xff,0x00,0x00,0x00,0xff,0x00,0x00,0x00,0xff,0x00,0x00,0x00,0xff,
    0x00,0x00,0x00,0xff,0x00,0x00,0x00,0xff,0x00,0x00,0x00,0xff,0x00,0x00,0x00,0xff,
    0x00,0x00,0x00,0xff,0x00,0x00,0x00,0xff,0x00,0x00,0x00,0xff,0x00,0x00,0x00,0xff,
    0x00,0x00,0x00,0xff,0x00,0x00,0x00,0xff,0x00,0x00,0x00,0xff,0x00,0x00,0x00,0xff,
    0x00,0x00,0x00,0xff,0x00,0x00,0x00,0xff,0x00,0x00,0x00,0xff,0x00,0x00,0x00,0xff,
    0x00,0x00,0x00,0xff,0x00,0x00,0x00,0xff,0x00,0x00,0x00,0xff,0x00,0x00,0x00,0xff,
    0x00,0x00,0x00,0xff,0x00,0x00,0x00,0xff,0x00,0x00,0x00,0xff,0x00,0x00,0x00,0xff,
    0x00,0x00,0x00,0xff,0x00,0x00,0x00,0xff,0x00,0x00,0x00,0xff,0x00,0x00,0x00,0xff,
    0x00,0x00,0x00,0xff,0x00,0x00,0x00,0xff,0x00,0x00,0x00,0xff,0x00,0x00,0x00,0xff,
    0x00,0x00,0x00,0xff,0x00,0x00,0x00,0xff,0x00,0x00,0x00,0xff,0x00,0x00,0x00,0xff,
    0x00,0x00,0x00,0xff,0x22,0x22,0x22,0xff,0xaa,0xaa,0xaa,0xff,0xcc,0xcc,0xcc,0xff,
    0xcc,0xcc,0xcc,0xff,0xcc,0xcc,0xcc,0xff,0xcc,0xcc,0xcc,0xff,0xcc,0xcc,0xcc,0xff,
    0xcc,0xcc,0xcc,0xff,0xcc,0xcc,0xcc,0xff,0xcc,0xcc,0xcc,0xff,0xcc,0xcc,0xcc,0xff,
    0xcc,0xcc,0xcc,0xff,0xcc,0xcc,0xcc,0xff,0xcc,0xcc,0xcc,0xff,0xcc,0xcc,0xcc,0xff,
    0xcc,0xcc,0xcc,0xff,0xcc,0xcc,0xcc,0xff,0xcc,0xcc,0xcc,0xff,0xcc,0xcc,0xcc,0xff,
    0xcc,0xcc,0xcc,0xff,0xcc,0xcc,0xcc,0xff,0xcc,0xcc,0xcc,0xff,0xcc,0xcc,0xcc,0xff,
    0xcc,0xcc,0xcc,0xff,0xcc,0xcc,0xcc,0xff,0xcc,0xcc,0xcc,0xff,0xcc,0xcc,0xcc,0xff,
    0xaa,0xaa,0xaa,0xff,0x22,0x22,0x22,0xff,0x00,0x00,0x00,0xff,0x00,0x00,0x00,0xff,
    0x00,0x00,0x00,0xff,0x00,0x00,0x00,0xff,0x00,0x00,0x00,0xff,0x00,0x00,0x00,0xff,
    0x00,0x00,0x00,0xff,0x00,0x00,0x00,0xff,0x00,0x00,0x00,0xff,0x00,0x00,0x00,0xff,
    0x00,0x00,0x00,0xff,0x00,0x00,0x00,0xff,0x00,0x00,0x00,0xff,0x00,0x00,0x00,0xff,
    0x00,0x00,0x00,0xff,0x00,0x00,0x00,0xff,0x00,0x00,0x00,0xff,0x00,0x00,0x00,0xff,
    0x00,0x00,0x00,0xff,0x00,0x00,0x00,0xff,0x00,0x00,0x00,0xff,0x00,0x00,0x00,0xff,
    0x00,0x00,0x00,0xff,0x00,0x00,0x00,0xff,0x00,0x00,0x00,0xff,0x00,0x00,0x00,0xff,
    0x00,0x00,0x00,0xff,0x00,0x00,0x00,0xff,0x00,0x00,0x00,0xff,0x00,0x00,0x00,0xff,
    0x00,0x00,0x00,0xff,0x00,0x00,0x00,0xff,0x00,0x00,0x00,0xff,0x00,0x00,0x00,0xff,
    0x00,0x00,0x00,0xff,0x00,0x00,0x00,0xff,0x00,0x00,0x00,0xff,0x00,0x00,0x00,0xff,
    0x00,0x00,0x00,0xff,0x00,0x00,0x00,0xff,0x00,0x00,0x00,0xff,0x00,0x00,0x00,0xff,
    0x00,0x00,0x00,0xff,0x00,0x00,0x00,0xff,0x00,0x00,0x00,0xff,0x00,0x00,0x00,0xff,
    0x00,0x00,0x00,0xff,0x00,0x00,0x00,0xff,0x00,0x00,0x00,0xff,0x00,0x00,0x00,0xff,
    0x00,0x00,0x00,0xff,0x00,0x00,0x00,0xff,0x00,0x00,0x00,0xff,0x00,0x00,0x00,0xff,
    0x00,0x00,0x00,0xff,0x00,0x00,0x00,0xff,0x00,0x00,0x00,0xff,0x00,0x00,0x00,0xff,
    0x00,0x00,0x00,0xff,0x00,0x00,0x00,0xff,0x00,0x00,0x00,0xff,0x00,0x00,0x00,0xff,
    0x00,0x00,0x00,0xff,0x00,0x00,0x00,0xff,0x00,0x00,0x00,0xff,0x22,0x22,0x22,0xff,
    0xaa,0xaa,0xaa,0xff,0xcc,0xcc,0xcc,0xff,0xcc,0xcc,0xcc,0xff,0xcc,0xcc,0xcc,0xff,
    0xcc,0xcc,0xcc,0xff,0xcc,0xcc,0xcc,0xff,0xcc,0xcc,0xcc,0xff,0xcc,0xcc,0xcc,0xff,
    0xcc,0xcc,0xcc,0xff,0xcc,0xcc,0xcc,0xff,0xcc,0xcc,0xcc,0xff,0xcc,0xcc,0xcc,0xff,
    0xcc,0xcc,0xcc,0xff,0xcc,0xcc,0xcc,0xff,0xcc,0xcc,0xcc,0xff,0xcc,0xcc,0xcc,0xff,
    0xcc,0xcc,0xcc,0xff,0xcc,0xcc,0xcc,0xff,0xcc,0xcc,0xcc,0xff,0xcc,0xcc,0xcc,0xff,
    0xcc,0xcc,0xcc,0xff,0xcc,0xcc,0xcc,0xff,0xcc,0xcc,0xcc,0xff,0xcc,0xcc,0xcc,0xff,
    0xcc,0xcc,0xcc,0xff,0xcc,0xcc,0xcc,0xff,0xaa,0xaa,0xaa,0xff,0x22,0x22,0x22,0xff,
    0x00,0x00,0x00,0xff,0x00,0x00,0x00,0xff,0x00,0x00,0x00,0xff,0x00,0x00,0x00,0xff,
    0x00,0x00,0x00,0xff,0x00,0x00,0x00,0xff,0x00,0x00,0x00,0xff,0x00,0x00,0x00,0xff,
    0x00,0x00,0x00,0xff,0x00,0x00,0x00,0xff,0x00,0x00,0x00,0xff,0x00,0x00,0x00,0xff,
    0x00,0x00,0x00,0xff,0x00,0x00,0x00,0xff,0x00,0x00,0x00,0xff,0x00,0x00,0x00,0xff,
    0x00,0x00,0x00,0xff,0x00,0x00,0x00,0xff,0x00,0x00,0x00,0xff,0x00,0x00,0x00,0xff,
    0x00,0x00,0x00,0xff,0x00,0x00,0x00,0xff,0x00,0x00,0x00,0xff,0x00,0x00,0x00,0xff,
    0x00,0x00,0x00,0xff,0x00,0x00,0x00,0xff,0x00,0x00,0x00,0xff,0x00,0x00,0x00,0xff,
    0x00,0x00,0x00,0xff,0x00,0x00,0x00,0xff,0x00,0x00,0x00,0xff,0x00,0x00,0x00,0xff,
    0x00,0x00,0x00,0xff,0x00,0x00,0x00,0xff,0x00,0x00,0x00,0xff,0x00,0x00,0x00,0xff,
    0x00,0x00,0x00,0xff,0x00,0x00,0x00,0xff,0x00,0x00,0x00,0xff,0x00,0x00,0x00,0xff,
    0x00,0x00,0x00,0xff,0x00,0x00,0x00,0xff,0x00,0x00,0x00,0xff,0x00,0x00,0x00,0xff,
    0x00,0x00,0x00,0xff,0x00,0x00,0x00,0xff,0x00,0x00,0x00,0xff,0x00,0x00,0x00,0xff,
    0x00,0x00,0x00,0xff,0x00,0x00,0x00,0xff,0x00,0x00,0x00,0xff,0x00,0x00,0x00,0xff,
    0x00,0x00,0x00,0xff,0x00,0x00,0x00,0xff,0x00,0x00,0x00,0xff,0x00,0x00,0x00,0xff,
    0x00,0x00,0x00,0xff,0x00,0x00,0x00,0xff,0x00,0x00,0x00,0xff,0x00,0x00,0x00,0xff,
    0x00,0x00,0x00,0xff,0x00,0x00,0x00,0xff,0x00,0x00,0x00,0xff,0x00,0x00,0x00,0xff,
    0x00,0x00,0x00,0xff,0x22,0x22,0x22,0xff,0xaa,0xaa,0xaa,0xff,0xcc,0xcc,0xcc,0xff,
    0xcc,0xcc,0xcc,0xff,0xcc,0xcc,0xcc,0xff,0xcc,0xcc,0xcc,0xff,0xcc,0xcc,0xcc,0xff,
    0xcc,0xcc,0xcc,0xff,0xcc,0xcc,0xcc,0xff,0xcc,0xcc,0xcc,0xff,0xcc,0xcc,0xcc,0xff,
    0xcc,0xcc,0xcc,0xff,0xcc,0xcc,0xcc,0xff,0xcc,0xcc,0xcc,0xff,0xcc,0xcc,0xcc,0xff,
    0xcc,0xcc,0xcc,0xff,0xcc,0xcc,0xcc,0xff,0xcc,0xcc,0xcc,0xff,0xcc,0xcc,0xcc,0xff,
    0xcc,0xcc,0xcc,0xff,0xcc,0xcc,0xcc,0xff,0xcc,0xcc,0xcc,0xff,0xcc,0xcc,0xcc,0xff,
    0xcc,0xcc,0xcc,0xff,0xcc,0xcc,0xcc,0xff,0xcc,0xcc,0xcc,0xff,0xcc,0xcc,0xcc,0xff,
    0xaa,0xaa,0xaa,0xff,0x22,0x22,0x22,0xff,0x00,0x00,0x00,0xff,0x00,0x00,0x00,0xff,
    0x00,0x00,0x00,0xff,0x00,0x00,0x00,0xff,0x00,0x00,0x00,0xff,0x00,0x00,0x00,0xff,
    0x00,0x00,0x00,0xff,0x00,0x00,0x00,0xff,0x00,0x00,0x00,0xff,0x00,0x00,0x00,0xff,
    0x00,0x00,0x00,0xff,0x00,0x00,0x00,0xff,0x00,0x00,0x00,0xff,0x00,0x00,0x00,0xff,
    0x00,0x00,0x00,0xff,0x00,0x00,0x00,0xff,0x00,0x00,0x00,0xff,0x00,0x00,0x00,0xff,
    0x00,0x00,0x00,0xff,0x00,0x00,0x00,0xff,0x00,0x00,0x00,0xff,0x00,0x00,0x00,0xff,
    0x00,0x00,0x00,0xff,0x00,0x00,0x00,0xff,0x00,0x00,0x00,0xff,0x00,0x00,0x00,0xff,
    0x00,0x00,0x00,0xff,0x00,0x00,0x00,0xff,0x00,0x00,0x00,0xff,0x00,0x00,0x00,0xff,
    0x00,0x00,0x00,0xff,0x00,0x00,0x00,0xff,0x00,0x00,0x00,0xff,0x00,0x00,0x00,0xff,
    0x00,0x00,0x00,0xff,0x00,0x00,0x00,0xff,0x00,0x00,0x00,0xff,0x00,0x00,0x00,0xff,
    0x00,0x00,0x00,0xff,0x00,0x00,0x00,0xff,0x00,0x00,0x00,0xff,0x00,0x00,0x00,0xff,
    0x00,0x00,0x00,0xff,0x00,0x00,0x00,0xff,0x00,0x00,0x00,0xff,0x00,0x00,0x00,0xff,
    0x00,0x00,0x00,0xff,0x06,0x00,0x06,0xff,0x1d,0x00,0x1d,0xff,0x22,0x00,0x22,0xff,
    0x22,0x00,0x22,0xff,0x22,0x00,0x22,0xff,0x22,0x00,0x22,0xff,0x22,0x00,0x22,0xff,
    0x22,0x00,0x22,0xff,0x22,0x00,0x22,0xff,0x1d,0x00,0x1d,0xff,0x06,0x00,0x06,0xff,
    0x00,0x00,0x00,0xff,0x00,0x00,0x00,0xff,0x00,0x00,0x00,0xff,0x00,0x00,0x00,0xff,
    0x00,0x00,0x00,0xff,0x00,0x00,0x00,0xff,0x00,0x00,0x00,0xff,0x22,0x22,0x22,0xff,
    0xaa,0xaa,0xaa,0xff,0xcc,0xcc,0xcc,0xff,0xcc,0xcc,0xcc,0xff,0xcc,0xcc,0xcc,0xff,
    0xcc,0xcc,0xcc,0xff,0xcc,0xcc,0xcc,0xff,0xcc,0xcc,0xcc,0xff,0xcc,0xcc,0xcc,0xff,
    0xcc,0xcc,0xcc,0xff,0xcc,0xcc,0xcc,0xff,0xcc,0xcc,0xcc,0xff,0xcc,0xcc,0xcc,0xff,
    0xcc,0xcc,0xcc,0xff,0xcc,0xcc,0xcc,0xff,0xcc,0xcc,0xcc,0xff,0xcc,0xcc,0xcc,0xff,
    0xcc,0xcc,0xcc,0xff,0xc6,0xc6,0xc6,0xff,0xaf,0xaf,0xaf,0xff,0xaa,0xaa,0xaa,0xff,
    0xaa,0xaa,0xaa,0xff,0xaa,0xaa,0xaa,0xff,0xaa,0xaa,0xaa,0xff,0xaa,0xaa,0xaa,0xff,
    0xaa,0xaa,0xaa,0xff,0xaa,0xaa,0xaa,0xff,0x8d,0x8d,0x8d,0xff,0x1d,0x1d,0x1d,0xff,
    0x00,0x00,0x00,0xff,0x00,0x00,0x00,0xff,0x00,0x00,0x00,0xff,0x00,0x00,0x00,0xff,
    0x00,0x00,0x00,0xff,0x00,0x00,0x00,0xff,0x00,0x00,0x00,0xff,0x00,0x00,0x00,0xff,
    0x00,0x00,0x00,0xff,0x00,0x00,0x00,0xff,0x00,0x00,0x00,0xff,0x00,0x00,0x00,0xff,
    0x00,0x00,0x00,0xff,0x00,0x00,0x00,0xff,0x00,0x00,0x00,0xff,0x00,0x00,0x00,0xff,
    0x00,0x00,0x00,0xff,0x00,0x00,0x00,0xff,0x00,0x00,0x00,0xff,0x00,0x00,0x00,0xff,
    0x00,0x00,0x00,0xff,0x00,0x00,0x00,0xff,0x00,0x00,0x00,0xff,0x00,0x00,0x00,0xff,
    0x00,0x00,0x00,0xff,0x00,0x00,0x00,0xff,0x00,0x00,0x00,0xff,0x00,0x00,0x00,0xff,
    0x00,0x00,0x00,0xff,0x00,0x00,0x00,0xff,0x00,0x00,0x00,0xff,0x00,0x00,0x00,0xff,
    0x00,0x00,0x00,0xff,0x00,0x00,0x00,0xff,0x00,0x00,0x00,0xff,0x00,0x00,0x00,0xff,
    0x00,0x00,0x00,0xff,0x00,0x00,0x00,0xff,0x00,0x00,0x00,0xff,0x00,0x00,0x00,0xff,
    0x00,0x00,0x00,0xff,0x00,0x00,0x00,0xff,0x00,0x00,0x00,0xff,0x00,0x00,0x00,0xff,
    0x00,0x00,0x00,0xff,0x00,0x00,0x00,0xff,0x00,0x00,0x00,0xff,0x1d,0x00,0x1d,0xff,
    0x8d,0x00,0x8d,0xff,0xaa,0x00,0xaa,0xff,0xaa,0x00,0xaa,0xff,0xaa,0x00,0xaa,0xff,
    0xaa,0x00,0xaa,0xff,0xaa,0x00,0xaa,0xff,0xaa,0x00,0xaa,0xff,0xaa,0x00,0xaa,0xff,
    0x8d,0x00,0x8d,0xff,0x1d,0x00,0x1d,0xff,0x00,0x00,0x00,0xff,0x00,0x00,0x00,0xff,
    0x00,0x00,0x00,0xff,0x00,0x00,0x00,0xff,0x00,0x00,0x00,0xff,0x00,0x00,0x00,0xff,
    0x00,0x00,0x00,0xff,0x22,0x22,0x22,0xff,0xaa,0xaa,0xaa,0xff,0xcc,0xcc,0xcc,0xff,
    0xcc,0xcc,0xcc,0xff,0xcc,0xcc,0xcc,0xff,0xcc,0xcc,0xcc,0xff,0xcc,0xcc,0xcc,0xff,
    0xcc,0xcc,0xcc,0xff,0xcc,0xcc,0xcc,0xff,0xcc,0xcc,0xcc,0xff,0xcc,0xcc,0xcc,0xff,
    0xcc,0xcc,0xcc,0xff,0xcc,0xcc,0xcc,0xff,0xcc,0xcc,0xcc,0xff,0xcc,0xcc,0xcc,0xff,
    0xcc,0xcc,0xcc,0xff,0xcc,0xcc,0xcc,0xff,0xcc,0xcc,0xcc,0xff,0xaf,0xaf,0xaf,0xff,
    0x3f,0x3f,0x3f,0xff,0x22,0x22,0x22,0xff,0x22,0x22,0x22,0xff,0x22,0x22,0x22,0xff,
    0x22,0x22,0x22,0xff,0x22,0x22,0x22,0xff,0x22,0x22,0x22,0xff,0x22,0x22,0x22,0xff,
    0x1d,0x1d,0x1d,0xff,0x06,0x06,0x06,0xff,0x00,0x00,0x00,0xff,0x00,0x00,0x00,0xff,
    0x00,0x00,0x00,0xff,0x00,0x00,0x00,0xff,0x00,0x00,0x00,0xff,0x00,0x00,0x00,0xff,
    0x00,0x00,0x00,0xff,0x00,0x00,0x00,0xff,0x00,0x00,0x00,0xff,0x00,0x00,0x00,0xff,
    0x00,0x00,0x00,0xff,0x00,0x00,0x00,0xff,0x00,0x00,0x00,0xff,0x00,0x00,0x00,0xff,
    0x00,0x00,0x00,0xff,0x00,0x00,0x00,0xff,0x00,0x00,0x00,0xff,0x00,0x00,0x00,0xff,
    0x00,0x00,0x00,0xff,0x00,0x00,0x00,0xff,0x00,0x00,0x00,0xff,0x00,0x00,0x00,0xff,
    0x00,0x00,0x00,0xff,0x00,0x00,0x00,0xff,0x00,0x00,0x00,0xff,0x00,0x00,0x00,0xff,
    0x00,0x00,0x00,0xff,0x00,0x00,0x00,0xff,0x00,0x00,0x00,0xff,0x00,0x00,0x00,0xff,
    0x00,0x00,0x00,0xff,0x00,0x00,0x00,0xff,0x00,0x00,0x00,0xff,0x00,0x00,0x00,0xff,
    0x00,0x00,0x00,0xff,0x00,0x00,0x00,0xff,0x00,0x00,0x00,0xff,0x00,0x00,0x00,0xff,
    0x00,0x00,0x00,0xff,0x00,0x00,0x00,0xff,0x00,0x00,0x00,0xff,0x00,0x00,0x00,0xff,
    0x00,0x00,0x00,0xff,0x00,0x00,0x00,0xff,0x00,0x00,0x00,0xff,0x00,0x00,0x00,0xff,
    0x00,0x00,0x00,0xff,0x22,0x00,0x22,0xff,0xaa,0x00,0xaa,0xff,0xcc,0x00,0xcc,0xff,
    0xcc,0x00,0xcc,0xff,0xcc,0x00,0xcc,0xff,0xcc,0x00,0xcc,0xff,0xcc,0x00,0xcc,0xff,
    0xcc,0x00,0xcc,0xff,0xcc,0x00,0xcc,0xff,0xaa,0x00,0xaa,0xff,0x22,0x00,0x22,0xff,
    0x00,0x00,0x00,0xff,0x00,0x00,0x00,0xff,0x00,0x00,0x00,0xff,0x00,0x00,0x00,0xff,
    0x00,0x00,0x00,0xff,0x00,0x00,0x00,0xff,0x00,0x00,0x00,0xff,0x22,0x22,0x22,0xff,
    0xaa,0xaa,0xaa,0xff,0xcc,0xcc,0xcc,0xff,0xcc,0xcc,0xcc,0xff,0xcc,0xcc,0xcc,0xff,
    0xcc,0xcc,0xcc,0xff,0xcc,0xcc,0xcc,0xff,0xcc,0xcc,0xcc,0xff,0xcc,0xcc,0xcc,0xff,
    0xcc,0xcc,0xcc,0xff,0xcc,0xcc,0xcc,0xff,0xcc,0xcc,0xcc,0xff,0xcc,0xcc,0xcc,0xff,
    0xcc,0xcc,0xcc,0xff,0xcc,0xcc,0xcc,0xff,0xcc,0xcc,0xcc,0xff,0xcc,0xcc,0xcc,0xff,
    0xcc,0xcc,0xcc,0xff,0xaa,0xaa,0xaa,0xff,0x22,0x22,0x22,0xff,0x00,0x00,0x00,0xff,
    0x00,0x00,0x00,0xff,0x00,0x00,0x00,0xff,0x00,0x00,0x00,0xff,0x00,0x00,0x00,0xff,
    0x00,0x00,0x00,0xff,0x00,0x00,0x00,0xff,0x00,0x00,0x00,0xff,0x00,0x00,0x00,0xff,
    0x00,0x00,0x00,0xff,0x00,0x00,0x00,0xff,0x00,0x00,0x00,0xff,0x00,0x00,0x00,0xff,
    0x00,0x00,0x00,0xff,0x00,0x00,0x00,0xff,0x00,0x00,0x00,0xff,0x00,0x00,0x00,0xff,
    0x00,0x00,0x00,0xff,0x00,0x00,0x00,0xff,0x00,0x00,0x00,0xff,0x00,0x00,0x00,0xff,
    0x00,0x00,0x00,0xff,0x00,0x00,0x00,0xff,0x00,0x00,0x00,0xff,0x00,0x00,0x00,0xff,
    0x00,0x00,0x00,0xff,0x00,0x00,0x00,0xff,0x00,0x00,0x00,0xff,0x00,0x00,0x00,0xff,
    0x00,0x00,0x00,0xff,0x00,0x00,0x00,0xff,0x00,0x00,0x00,0xff,0x00,0x00,0x00,0xff,
    0x00,0x00,0x00,0xff,0x00,0x00,0x00,0xff,0x00,0x00,0x00,0xff,0x00,0x00,0x00,0xff,
    0x00,0x00,0x00,0xff,0x00,0x00,0x00,0xff,0x00,0x00,0x00,0xff,0x00,0x00,0x00,0xff,
    0x00,0x00,0x00,0xff,0x00,0x00,0x00,0xff,0x00,0x00,0x00,0xff,0x00,0x00,0x00,0xff,
    0x00,0x00,0x00,0xff,0x00,0x00,0x00,0xff,0x00,0x00,0x00,0xff,0x00,0x00,0x00,0xff,
    0x00,0x00,0x00,0xff,0x00,0x00,0x00,0xff,0x00,0x00,0x00,0xff,0x00,0x00,0x00,0xff,
    0x00,0x00,0x00,0xff,0x00,0x00,0x00,0xff,0x00,0x00,0x00,0xff,0x22,0x00,0x22,0xff,
    0xaa,0x00,0xaa,0xff,0xcc,0x00,0xcc,0xff,0xcc,0x00,0xcc,0xff,0xcc,0x00,0xcc,0xff,
    0xcc,0x00,0xcc,0xff,0xcc,0x00,0xcc,0xff,0xcc,0x00,0xcc,0xff,0xcc,0x00,0xcc,0xff,
    0xaa,0x00,0xaa,0xff,0x22,0x00,0x22,0xff,0x00,0x00,0x00,0xff,0x00,0x00,0x00,0xff,
    0x00,0x00,0x00,0xff,0x00,0x00,0x00,0xff,0x00,0x00,0x00,0xff,0x00,0x00,0x00,0xff,
    0x00,0x00,0x00,0xff,0x22,0x22,0x22,0xff,0xaa,0xaa,0xaa,0xff,0xcc,0xcc,0xcc,0xff,
    0xcc,0xcc,0xcc,0xff,0xcc,0xcc,0xcc,0xff,0xcc,0xcc,0xcc,0xff,0xcc,0xcc,0xcc,0xff,
    0xcc,0xcc,0xcc,0xff,0xcc,0xcc,0xcc,0xff,0xcc,0xcc,0xcc,0xff,0xcc,0xcc,0xcc,0xff,
    0xcc,0xcc,0xcc,0xff,0xcc,0xcc,0xcc,0xff,0xcc,0xcc,0xcc,0xff,0xcc,0xcc,0xcc,0xff,
    0xcc,0xcc,0xcc,0xff,0xcc,0xcc,0xcc,0xff,0xcc,0xcc,0xcc,0xff,0xaa,0xaa,0xaa,0xff,
    0x22,0x22,0x22,0xff,0x00,0x00,0x00,0xff,0x00,0x00,0x00,0xff,0x00,0x00,0x00,0xff,
    0x00,0x00,0x00,0xff,0x00,0x00,0x00,0xff,0x00,0x00,0x00,0xff,0x00,0x00,0x00,0xff,
    0x00,0x00,0x00,0xff,0x00,0x00,0x00,0xff,0x00,0x00,0x00,0xff,0x00,0x00,0x00,0xff,
    0x00,0x00,0x00,0xff,0x00,0x00,0x00,0xff,0x00,0x00,0x00,0xff,0x00,0x00,0x00,0xff,
    0x00,0x00,0x00,0xff,0x00,0x00,0x00,0xff,0x00,0x00,0x00,0xff,0x00,0x00,0x00,0xff,
    0x00,0x00,0x00,0xff,0x00,0x00,0x00,0xff,0x00,0x00,0x00,0xff,0x00,0x00,0x00,0xff,
    0x00,0x00,0x00,0xff,0x00,0x00,0x00,0xff,0x00,0x00,0x00,0xff,0x00,0x00,0x00,0xff,
    0x00,0x00,0x00,0xff,0x00,0x00,0x00,0xff,0x00,0x00,0x00,0xff,0x00,0x00,0x00,0xff,
    0x00,0x00,0x00,0xff,0x00,0x00,0x00,0xff,0x00,0x00,0x00,0xff,0x00,0x00,0x00,0xff,
    0x00,0x00,0x00,0xff,0x00,0x00,0x00,0xff,0x00,0x00,0x00,0xff,0x00,0x00,0x00,0xff,
    0x00,0x00,0x00,0xff,0x00,0x00,0x00,0xff,0x00,0x00,0x00,0xff,0x00,0x00,0x00,0xff,
    0x00,0x00,0x00,0xff,0x00,0x00,0x00,0xff,0x00,0x00,0x00,0xff,0x00,0x00,0x00,0xff,
    0x00,0x00,0x00,0xff,0x00,0x00,0x00,0xff,0x00,0x00,0x00,0xff,0x00,0x00,0x00,0xff,
    0x00,0x00,0x00,0xff,0x00,0x00,0x00,0xff,0x00,0x00,0x00,0xff,0x00,0x00,0x00,0xff,
    0x00,0x00,0x00,0xff,0x22,0x00,0x22,0xff,0xaa,0x00,0xaa,0xff,0xcc,0x00,0xcc,0xff,
    0xcc,0x00,0xcc,0xff,0xcc,0x00,0xcc,0xff,0xcc,0x00,0xcc,0xff,0xcc,0x00,0xcc,0xff,
    0xcc,0x00,0xcc,0xff,0xcc,0x00,0xcc,0xff,0xaa,0x00,0xaa,0xff,0x22,0x00,0x22,0xff,
    0x00,0x00,0x00,0xff,0x00,0x00,0x00,0xff,0x00,0x00,0x00,0xff,0x00,0x00,0x00,0xff,
    0x00,0x00,0x00,0xff,0x00,0x00,0x00,0xff,0x00,0x00,0x00,0xff,0x22,0x22,0x22,0xff,
    0xaa,0xaa,0xaa,0xff,0xcc,0xcc,0xcc,0xff,0xcc,0xcc,0xcc,0xff,0xcc,0xcc,0xcc,0xff,
    0xcc,0xcc,0xcc,0xff,0xcc,0xcc,0xcc,0xff,0xcc,0xcc,0xcc,0xff,0xcc,0xcc,0xcc,0xff,
    0xcc,0xcc,0xcc,0xff,0xcc,0xcc,0xcc,0xff,0xcc,0xcc,0xcc,0xff,0xcc,0xcc,0xcc,0xff,
    0xcc,0xcc,0xcc,0xff,0xcc,0xcc,0xcc,0xff,0xcc,0xcc,0xcc,0xff,0xcc,0xcc,0xcc,0xff,
    0xcc,0xcc,0xcc,0xff,0xaa,0xaa,0xaa,0xff,0x22,0x22,0x22,0xff,0x00,0x00,0x00,0xff,
    0x00,0x00,0x00,0xff,0x00,0x00,0x00,0xff,0x00,0x00,0x00,0xff,0x00,0x00,0x00,0xff,
    0x00,0x00,0x00,0xff,0x00,0x00,0x00,0xff,0x00,0x00,0x00,0xff,0x00,0x00,0x00,0xff,
    0x00,0x00,0x00,0xff,0x00,0x00,0x00,0xff,0x00,0x00,0x00,0xff,0x00,0x00,0x00,0xff,
    0x00,0x00,0x00,0xff,0x00,0x00,0x00,0xff,0x00,0x00,0x00,0xff,0x00,0x00,0x00,0xff,
    0x00,0x00,0x00,0xff,0x00,0x00,0x00,0xff,0x00,0x00,0x00,0xff,0x00,0x00,0x00,0xff,
    0x00,0x00,0x00,0xff,0x00,0x00,0x00,0xff,0x00,0x00,0x00,0xff,0x00,0x00,0x00,0xff,
    0x00,0x00,0x00,0xff,0x00,0x00,0x00,0xff,0x00,0x00,0x00,0xff,0x00,0x00,0x00,0xff,
    0x00,0x00,0x00,0xff,0x00,0x00,0x00,0xff,0x00,0x00,0x00,0xff,0x00,0x00,0x00,0xff,
    0x00,0x00,0x00,0xff,0x00,0x00,0x00,0xff,0x00,0x00,0x00,0xff,0x00,0x00,0x00,0xff,
    0x00,0x00,0x00,0xff,0x00,0x00,0x00,0xff,0x00,0x00,0x00,0xff,0x00,0x00,0x00,0xff,
    0x00,0x00,0x00,0xff,0x00,0x00,0x00,0xff,0x00,0x00,0x00,0xff,0x00,0x00,0x00,0xff,
    0x00,0x00,0x00,0xff,0x00,0x00,0x00,0xff,0x00,0x00,0x00,0xff,0x00,0x00,0x00,0xff,
    0x00,0x00,0x00,0xff,0x00,0x00,0x00,0xff,0x00,0x00,0x00,0xff,0x00,0x00,0x00,0xff,
    0x00,0x00,0x00,0xff,0x00,0x00,0x00,0xff,0x00,0x00,0x00,0xff,0x11,0x00,0x11,0xff,
    0x54,0x00,0x54,0xff,0x66,0x00,0x66,0xff,0x66,0x00,0x66,0xff,0x66,0x00,0x66,0xff,
    0x66,0x00,0x66,0xff,0x66,0x00,0x66,0xff,0x66,0x00,0x66,0xff,0x66,0x00,0x66,0xff,
    0x55,0x00,0x55,0xff,0x11,0x00,0x11,0xff,0x00,0x00,0x00,0xff,0x00,0x00,0x00,0xff,
    0x00,0x00,0x00,0xff,0x00,0x00,0x00,0xff,0x00,0x00,0x00,0xff,0x00,0x00,0x00,0xff,
    0x00,0x00,0x00,0xff,0x11,0x11,0x11,0xff,0x54,0x54,0x54,0xff,0x66,0x66,0x66,0xff,
    0x66,0x66,0x66,0xff,0x66,0x66,0x66,0xff,0x66,0x66,0x66,0xff,0x66,0x66,0x66,0xff,
    0x66,0x66,0x66,0xff,0x66,0x66,0x66,0xff,0x66,0x66,0x66,0xff,0x66,0x66,0x66,0xff,
    0x66,0x66,0x66,0xff,0x66,0x66,0x66,0xff,0x66,0x66,0x66,0xff,0x66,0x66,0x66,0xff,
    0x66,0x66,0x66,0xff,0x66,0x66,0x66,0xff,0x66,0x66,0x66,0xff,0x55,0x55,0x55,0xff,
    0x11,0x11,0x11,0xff,0x00,0x00,0x00,0xff,0x00,0x00,0x00,0xff,0x00,0x00,0x00,0xff,
    0x00,0x00,0x00,0xff,0x00,0x00,0x00,0xff,0x00,0x00,0x00,0xff,0x00,0x00,0x00,0xff,
    0x00,0x00,0x00,0xff,0x00,0x00,0x00,0xff,0x00,0x00,0x00,0xff,0x00,0x00,0x00,0xff,
    0x00,0x00,0x00,0xff,0x00,0x00,0x00,0xff,0x00,0x00,0x00,0xff,0x00,0x00,0x00,0xff,
    0x00,0x00,0x00,0xff,0x00,0x00,0x00,0xff,0x00,0x00,0x00,0xff,0x00,0x00,0x00,0xff,
    0x00,0x00,0x00,0xff,0x00,0x00,0x00,0xff,0x00,0x00,0x00,0xff,0x00,0x00,0x00,0xff,
    0x00,0x00,0x00,0xff,0x00,0x00,0x00,0xff,0x11,0x00,0x11,0xff,0x55,0x00,0x55,0xff,
    0x66,0x00,0x66,0xff,0x66,0x00,0x66,0xff,0x66,0x00,0x66,0xff,0x66,0x00,0x66,0xff,
    0x66,0x00,0x66,0xff,0x66,0x00,0x66,0xff,0x00,0x00,0x00,0xff,0x00,0x00,0x00,0xff,
    0x00,0x00,0x00,0xff,0x00,0x00,0x00,0xff,0x00,0x00,0x00,0xff,0x00,0x00,0x00,0xff,
    0x00,0x00,0x00,0xff,0x00,0x00,0x00,0xff,0x00,0x00,0x00,0xff,0x00,0x00,0x00,0xff,
    0x00,0x00,0x00,0xff,0x00,0x00,0x00,0xff,0x00,0x00,0x00,0xff,0x00,0x00,0x00,0xff,
    0x00,0x00,0x00,0xff,0x00,0x00,0x00,0xff,0x00,0x00,0x00,0xff,0x00,0x00,0x00,0xff,
    0x00,0x00,0x00,0xff,0x00,0x00,0x00,0xff,0x00,0x00,0x00,0xff,0x00,0x00,0x00,0xff,
    0x00,0x00,0x00,0xff,0x00,0x00,0x00,0xff,0x00,0x00,0x00,0xff,0x00,0x00,0x00,0xff,
    0x00,0x00,0x00,0xff,0x00,0x00,0x00,0xff,0x00,0x00,0x00,0xff,0x00,0x00,0x00,0xff,
    0x00,0x00,0x00,0xff,0x00,0x00,0x00,0xff,0x00,0x00,0x00,0xff,0x00,0x00,0x00,0xff,
    0x00,0x00,0x00,0xff,0x00,0x00,0x00,0xff,0x00,0x00,0x00,0xff,0x00,0x00,0x00,0xff,
    0x00,0x00,0x00,0xff,0x00,0x00,0x00,0xff,0x00,0x00,0x00,0xff,0x00,0x00,0x00,0xff,
    0x00,0x00,0x00,0xff,0x00,0x00,0x00,0xff,0x00,0x00,0x00,0xff,0x00,0x00,0x00,0xff,
    0x00,0x00,0x00,0xff,0x00,0x00,0x00,0xff,0x00,0x00,0x00,0xff,0x00,0x00,0x00,0xff,
    0x00,0x00,0x00,0xff,0x00,0x00,0x00,0xff,0x00,0x00,0x00,0xff,0x00,0x00,0x00,0xff,
    0x00,0x00,0x00,0xff,0x00,0x00,0x00,0xff,0x00,0x00,0x00,0xff,0x00,0x00,0x00,0xff,
    0x00,0x00,0x00,0xff,0x00,0x00,0x00,0xff,0x00,0x00,0x00,0xff,0x00,0x00,0x00,0xff,
    0x00,0x00,0x00,0xff,0x00,0x00,0x00,0xff,0x00,0x00,0x00,0xff,0x00,0x00,0x00,0xff,
    0x00,0x00,0x00,0xff,0x00,0x00,0x00,0xff,0x00,0x00,0x00,0xff,0x00,0x00,0x00,0xff,
    0x00,0x00,0x00,0xff,0x00,0x00,0x00,0xff,0x00,0x00,0x00,0xff,0x00,0x00,0x00,0xff,
    0x00,0x00,0x00,0xff,0x00,0x00,0x00,0xff,0x00,0x00,0x00,0xff,0x00,0x00,0x00,0xff,
    0x00,0x00,0x00,0xff,0x00,0x00,0x00,0xff,0x00,0x00,0x00,0xff,0x00,0x00,0x00,0xff,
    0x00,0x00,0x00,0xff,0x00,0x00,0x00,0xff,0x00,0x00,0x00,0xff,0x00,0x00,0x00,0xff,
    0x22,0x00,0x22,0xff,0xaa,0x00,0xaa,0xff,0xcc,0x00,0xcc,0xff,0xcc,0x00,0xcc,0xff,
    0xcc,0x00,0xcc,0xff,0xcc,0x00,0xcc,0xff,0xcc,0x00,0xcc,0xff,0xcc,0x00,0xcc,0xff,
    0x00,0x00,0x00,0xff,0x00,0x00,0x00,0xff,0x00,0x00,0x00,0xff,0x00,0x00,0x00,0xff,
    0x00,0x00,0x00,0xff,0x00,0x00,0x00,0xff,0x00,0x00,0x00,0xff,0x00,0x00,0x00,0xff,
    0x00,0x00,0x00,0xff,0x00,0x00,0x00,0xff,0x00,0x00,0x00,0xff,0x00,0x00,0x00,0xff,
    0x00,0x00,0x00,0xff,0x00,0x00,0x00,0xff,0x00,0x00,0x00,0xff,0x00,0x00,0x00,0xff,
    0x00,0x00,0x00,0xff,0x00,0x00,0x00,0xff,0x00,0x00,0x00,0xff,0x00,0x00,0x00,0xff,
    0x00,0x00,0x00,0xff,0x00,0x00,0x00,0xff,0x00,0x00,0x00,0xff,0x00,0x00,0x00,0xff,
    0x00,0x00,0x00,0xff,0x00,0x00,0x00,0xff,0x00,0x00,0x00,0xff,0x00,0x00,0x00,0xff,
    0x00,0x00,0x00,0xff,0x00,0x00,0x00,0xff,0x00,0x00,0x00,0xff,0x00,0x00,0x00,0xff,
    0x00,0x00,0x00,0xff,0x00,0x00,0x00,0xff,0x00,0x00,0x00,0xff,0x00,0x00,0x00,0xff,
    0x00,0x00,0x00,0xff,0x00,0x00,0x00,0xff,0x00,0x00,0x00,0xff,0x00,0x00,0x00,0xff,
    0x00,0x00,0x00,0xff,0x00,0x00,0x00,0xff,0x00,0x00,0x00,0xff,0x00,0x00,0x00,0xff,
    0x00,0x00,0x00,0xff,0x00,0x00,0x00,0xff,0x00,0x00,0x00,0xff,0x00,0x00,0x00,0xff,
    0x00,0x00,0x00,0xff,0x00,0x00,0x00,0xff,0x00,0x00,0x00,0xff,0x00,0x00,0x00,0xff,
    0x00,0x00,0x00,0xff,0x00,0x00,0x00,0xff,0x00,0x00,0x00,0xff,0x00,0x00,0x00,0xff,
    0x00,0x00,0x00,0xff,0x00,0x00,0x00,0xff,0x00,0x00,0x00,0xff,0x00,0x00,0x00,0xff,
    0x00,0x00,0x00,0xff,0x00,0x00,0x00,0xff,0x00,0x00,0x00,0xff,0x00,0x00,0x00,0xff,
    0x00,0x00,0x00,0xff,0x00,0x00,0x00,0xff,0x00,0x00,0x00,0xff,0x00,0x00,0x00,0xff,
    0x00,0x00,0x00,0xff,0x00,0x00,0x00,0xff,0x00,0x00,0x00,0xff,0x00,0x00,0x00,0xff,
    0x00,0x00,0x00,0xff,0x00,0x00,0x00,0xff,0x00,0x00,0x00,0xff,0x00,0x00,0x00,0xff,
    0x00,0x00,0x00,0xff,0x00,0x00,0x00,0xff,0x00,0x00,0x00,0xff,0x00,0x00,0x00,0xff,
    0x00,0x00,0x00,0xff,0x00,0x00,0x00,0xff,0x00,0x00,0x00,0xff,0x00,0x00,0x00,0xff,
    0x00,0x00,0x00,0xff,0x00,0x00,0x00,0xff,0x22,0x00,0x22,0xff,0xaa,0x00,0xaa,0xff,
    0xcc,0x00,0xcc,0xff,0xcc,0x00,0xcc,0xff,0xcc,0x00,0xcc,0xff,0xcc,0x00,0xcc,0xff,
    0xcc,0x00,0xcc,0xff,0xcc,0x00,0xcc,0xff,0x00,0x00,0x00,0xff,0x00,0x00,0x00,0xff,
    0x00,0x00,0x00,0xff,0x00,0x00,0x00,0xff,0x00,0x00,0x00,0xff,0x00,0x00,0x00,0xff,
    0x00,0x00,0x00,0xff,0x00,0x00,0x00,0xff,0x00,0x00,0x00,0xff,0x00,0x00,0x00,0xff,
    0x00,0x00,0x00,0xff,0x00,0x00,0x00,0xff,0x00,0x00,0x00,0xff,0x00,0x00,0x00,0xff,
    0x00,0x00,0x00,0xff,0x00,0x00,0x00,0xff,0x00,0x00,0x00,0xff,0x00,0x00,0x00,0xff,
    0x00,0x00,0x00,0xff,0x00,0x00,0x00,0xff,0x00,0x00,0x00,0xff,0x00,0x00,0x00,0xff,
    0x00,0x00,0x00,0xff,0x00,0x00,0x00,0xff,0x00,0x00,0x00,0xff,0x00,0x00,0x00,0xff,
    0x00,0x00,0x00,0xff,0x00,0x00,0x00,0xff,0x00,0x00,0x00,0xff,0x00,0x00,0x00,0xff,
    0x00,0x00,0x00,0xff,0x00,0x00,0x00,0xff,0x00,0x00,0x00,0xff,0x00,0x00,0x00,0xff,
    0x00,0x00,0x00,0xff,0x00,0x00,0x00,0xff,0x00,0x00,0x00,0xff,0x00,0x00,0x00,0xff,
    0x00,0x00,0x00,0xff,0x00,0x00,0x00,0xff,0x00,0x00,0x00,0xff,0x00,0x00,0x00,0xff,
    0x00,0x00,0x00,0xff,0x00,0x00,0x00,0xff,0x00,0x00,0x00,0xff,0x00,0x00,0x00,0xff,
    0x00,0x00,0x00,0xff,0x00,0x00,0x00,0xff,0x00,0x00,0x00,0xff,0x00,0x00,0x00,0xff,
    0x00,0x00,0x00,0xff,0x00,0x00,0x00,0xff,0x00,0x00,0x00,0xff,0x00,0x00,0x00,0xff,
    0x00,0x00,0x00,0xff,0x00,0x00,0x00,0xff,0x00,0x00,0x00,0xff,0x00,0x00,0x00,0xff,
    0x00,0x00,0x00,0xff,0x00,0x00,0x00,0xff,0x00,0x00,0x00,0xff,0x00,0x00,0x00,0xff,
    0x00,0x00,0x00,0xff,0x00,0x00,0x00,0xff,0x00,0x00,0x00,0xff,0x00,0x00,0x00,0xff,
    0x00,0x00,0x00,0xff,0x00,0x00,0x00,0xff,0x00,0x00,0x00,0xff,0x00,0x00,0x00,0xff,
    0x00,0x00,0x00,0xff,0x00,0x00,0x00,0xff,0x00,0x00,0x00,0xff,0x00,0x00,0x00,0xff,
    0x00,0x00,0x00,0xff,0x00,0x00,0x00,0xff,0x00,0x00,0x00,0xff,0x00,0x00,0x00,0xff,
    0x00,0x00,0x00,0xff,0x00,0x00,0x00,0xff,0x00,0x00,0x00,0xff,0x00,0x00,0x00,0xff,
    0x00,0x00,0x00,0xff,0x00,0x00,0x00,0xff,0x00,0x00,0x00,0xff,0x00,0x00,0x00,0xff,
    0x22,0x00,0x22,0xff,0xaa,0x00,0xaa,0xff,0xcc,0x00,0xcc,0xff,0xcc,0x00,0xcc,0xff,
    0xcc,0x00,0xcc,0xff,0xcc,0x00,0xcc,0xff,0xcc,0x00,0xcc,0xff,0xcc,0x00,0xcc,0xff,
    0x00,0x00,0x00,0xff,0x00,0x00,0x00,0xff,0x00,0x00,0x00,0xff,0x00,0x00,0x00,0xff,
    0x00,0x00,0x00,0xff,0x00,0x00,0x00,0xff,0x00,0x00,0x00,0xff,0x00,0x00,0x00,0xff,
    0x00,0x00,0x00,0xff,0x00,0x00,0x00,0xff,0x00,0x00,0x00,0xff,0x00,0x00,0x00,0xff,
    0x00,0x00,0x00,0xff,0x00,0x00,0x00,0xff,0x00,0x00,0x00,0xff,0x00,0x00,0x00,0xff,
    0x00,0x00,0x00,0xff,0x00,0x00,0x00,0xff,0x00,0x00,0x00,0xff,0x00,0x00,0x00,0xff,
    0x00,0x00,0x00,0xff,0x00,0x00,0x00,0xff,0x00,0x00,0x00,0xff,0x00,0x00,0x00,0xff,
    0x00,0x00,0x00,0xff,0x00,0x00,0x00,0xff,0x00,0x00,0x00,0xff,0x00,0x00,0x00,0xff,
    0x00,0x00,0x00,0xff,0x00,0x00,0x00,0xff,0x00,0x00,0x00,0xff,0x00,0x00,0x00,0xff,
    0x06,0x00,0x06,0xff,0x1d,0x00,0x1d,0xff,0x22,0x00,0x22,0xff,0x22,0x00,0x22,0xff,
    0x22,0x00,0x22,0xff,0x22,0x00,0x22,0xff,0x22,0x00,0x22,0xff,0x22,0x00,0x22,0xff,
    0x22,0x00,0x22,0xff,0x22,0x00,0x22,0xff,0x22,0x00,0x22,0xff,0x22,0x00,0x22,0xff,
    0x22,0x00,0x22,0xff,0x22,0x00,0x22,0xff,0x22,0x00,0x22,0xff,0x22,0x00,0x22,0xff,
    0x22,0x00,0x22,0xff,0x22,0x00,0x22,0xff,0x22,0x00,0x22,0xff,0x22,0x00,0x22,0xff,
    0x22,0x00,0x22,0xff,0x22,0x00,0x22,0xff,0x22,0x00,0x22,0xff,0x22,0x00,0x22,0xff,
    0x22,0x00,0x22,0xff,0x22,0x00,0x22,0xff,0x22,0x00,0x22,0xff,0x1d,0x00,0x1d,0xff,
    0x06,0x00,0x06,0xff,0x00,0x00,0x00,0xff,0x00,0x00,0x00,0xff,0x00,0x00,0x00,0xff,
    0x00,0x00,0x00,0xff,0x00,0x00,0x00,0xff,0x00,0x00,0x00,0xff,0x00,0x00,0x00,0xff,
    0x00,0x00,0x00,0xff,0x00,0x00,0x00,0xff,0x00,0x00,0x00,0xff,0x00,0x00,0x00,0xff,
    0x00,0x00,0x00,0xff,0x00,0x00,0x00,0xff,0x00,0x00,0x00,0xff,0x00,0x00,0x00,0xff,
    0x00,0x00,0x00,0xff,0x00,0x00,0x00,0xff,0x00,0x00,0x00,0xff,0x00,0x00,0x00,0xff,
    0x00,0x00,0x00,0xff,0x00,0x00,0x00,0xff,0x00,0x00,0x00,0xff,0x00,0x00,0x00,0xff,
    0x00,0x00,0x00,0xff,0x00,0x00,0x00,0xff,0x22,0x00,0x1d,0xff,0xaa,0x00,0x8d,0xff,
    0xcc,0x00,0xaa,0xff,0xcc,0x00,0xaa,0xff,0xcc,0x00,0xaa,0xff,0xcc,0x00,0xaa,0xff,
    0xcc,0x00,0xaa,0xff,0xcc,0x00,0xaa,0xff,0x00,0x00,0x00,0xff,0x00,0x00,0x00,0xff,
    0x00,0x00,0x00,0xff,0x00,0x00,0x00,0xff,0x00,0x00,0x00,0xff,0x00,0x00,0x00,0xff,
    0x00,0x00,0x00,0xff,0x00,0x00,0x00,0xff,0x00,0x00,0x00,0xff,0x00,0x00,0x00,0xff,
    0x00,0x00,0x00,0xff,0x00,0x00,0x00,0xff,0x00,0x00,0x00,0xff,0x00,0x00,0x00,0xff,
    0x00,0x00,0x00,0xff,0x00,0x00,0x00,0xff,0x00,0x00,0x00,0xff,0x00,0x00,0x00,0xff,
    0x00,0x00,0x00,0xff,0x00,0x00,0x00,0xff,0x00,0x00,0x00,0xff,0x00,0x00,0x00,0xff,
    0x00,0x00,0x00,0xff,0x00,0x00,0x00,0xff,0x00,0x00,0x00,0xff,0x00,0x00,0x00,0xff,
    0x00,0x00,0x00,0xff,0x00,0x00,0x00,0xff,0x00,0x00,0x00,0xff,0x00,0x00,0x00,0xff,
    0x00,0x00,0x00,0xff,0x00,0x00,0x00,0xff,0x1d,0x00,0x1d,0xff,0x8d,0x00,0x8d,0xff,
    0xaa,0x00,0xaa,0xff,0xaa,0x00,0xaa,0xff,0xaa,0x00,0xaa,0xff,0xaa,0x00,0xaa,0xff,
    0xaa,0x00,0xaa,0xff,0xaa,0x00,0xaa,0xff,0xaa,0x00,0xaa,0xff,0xaa,0x00,0xaa,0xff,
    0xaa,0x00,0xaa,0xff,0xaa,0x00,0xaa,0xff,0xaa,0x00,0xaa,0xff,0xaa,0x00,0xaa,0xff,
    0xaa,0x00,0xaa,0xff,0xaa,0x00,0xaa,0xff,0xaa,0x00,0xaa,0xff,0xaa,0x00,0xaa,0xff,
    0xaa,0x00,0xaa,0xff,0xaa,0x00,0xaa,0xff,0xaa,0x00,0xaa,0xff,0xaa,0x00,0xaa,0xff,
    0xaa,0x00,0xaa,0xff,0xaa,0x00,0xaa,0xff,0xaa,0x00,0xaa,0xff,0xaa,0x00,0xaa,0xff,
    0xaa,0x00,0xaa,0xff,0x8d,0x00,0x8d,0xff,0x1d,0x00,0x1d,0xff,0x00,0x00,0x00,0xff,
    0x00,0x00,0x00,0xff,0x00,0x00,0x00,0xff,0x00,0x00,0x00,0xff,0x00,0x00,0x00,0xff,
    0x00,0x00,0x00,0xff,0x00,0x00,0x00,0xff,0x00,0x00,0x00,0xff,0x00,0x00,0x00,0xff,
    0x00,0x00,0x00,0xff,0x00,0x00,0x00,0xff,0x00,0x00,0x00,0xff,0x00,0x00,0x00,0xff,
    0x00,0x00,0x00,0xff,0x00,0x00,0x00,0xff,0x00,0x00,0x00,0xff,0x00,0x00,0x00,0xff,
    0x00,0x00,0x00,0xff,0x00,0x00,0x00,0xff,0x00,0x00,0x00,0xff,0x00,0x00,0x00,0xff,
    0x00,0x00,0x00,0xff,0x00,0x00,0x00,0xff,0x00,0x00,0x00,0xff,0x00,0x00,0x00,0xff,
    0x22,0x00,0x06,0xff,0xaa,0x00,0x1d,0xff,0xcc,0x00,0x22,0xff,0xcc,0x00,0x22,0xff,
    0xcc,0x00,0x22,0xff,0xcc,0x00,0x22,0xff,0xcc,0x00,0x22,0xff,0xcc,0x00,0x22,0xff,
    0x00,0x00,0x00,0xff,0x00,0x00,0x00,0xff,0x00,0x00,0x00,0xff,0x00,0x00,0x00,0xff,
    0x00,0x00,0x00,0xff,0x00,0x00,0x00,0xff,0x00,0x00,0x00,0xff,0x00,0x00,0x00,0xff,
    0x00,0x00,0x00,0xff,0x00,0x00,0x00,0xff,0x00,0x00,0x00,0xff,0x00,0x00,0x00,0xff,
    0x00,0x00,0x00,0xff,0x00,0x00,0x00,0xff,0x00,0x00,0x00,0xff,0x00,0x00,0x00,0xff,
    0x00,0x00,0x00,0xff,0x00,0x00,0x00,0xff,0x00,0x00,0x00,0xff,0x00,0x00,0x00,0xff,
    0x00,0x00,0x00,0xff,0x00,0x00,0x00,0xff,0x00,0x00,0x00,0xff,0x00,0x00,0x00,0xff,
    0x00,0x00,0x00,0xff,0x00,0x00,0x00,0xff,0x00,0x00,0x00,0xff,0x00,0x00,0x00,0xff,
    0x00,0x00,0x00,0xff,0x00,0x00,0x00,0xff,0x00,0x00,0x00,0xff,0x00,0x00,0x00,0xff,
    0x22,0x00,0x22,0xff,0xaa,0x00,0xaa,0xff,0xcc,0x00,0xcc,0xff,0xcc,0x00,0xcc,0xff,
    0xcc,0x00,0xcc,0xff,0xcc,0x00,0xcc,0xff,0xcc,0x00,0xcc,0xff,0xcc,0x00,0xcc,0xff,
    0xcc,0x00,0xcc,0xff,0xcc,0x00,0xcc,0xff,0xcc,0x00,0xcc,0xff,0xcc,0x00,0xcc,0xff,
    0xcc,0x00,0xcc,0xff,0xcc,0x00,0xcc,0xff,0xcc,0x00,0xcc,0xff,0xcc,0x00,0xcc,0xff,
    0xcc,0x00,0xcc,0xff,0xcc,0x00,0xcc,0xff,0xcc,0x00,0xcc,0xff,0xcc,0x00,0xcc,0xff,
    0xcc,0x00,0xcc,0xff,0xcc,0x00,0xcc,0xff,0xcc,0x00,0xcc,0xff,0xcc,0x00,0xcc,0xff,
    0xcc,0x00,0xcc,0xff,0xcc,0x00,0xcc,0xff,0xcc,0x00,0xcc,0xff,0xaa,0x00,0xaa,0xff,
    0x22,0x00,0x22,0xff,0x00,0x00,0x00,0xff,0x00,0x00,0x00,0xff,0x00,0x00,0x00,0xff,
    0x00,0x00,0x00,0xff,0x00,0x00,0x00,0xff,0x00,0x00,0x00,0xff,0x00,0x00,0x00,0xff,
    0x00,0x00,0x00,0xff,0x00,0x00,0x00,0xff,0x00,0x00,0x00,0xff,0x00,0x00,0x00,0xff,
    0x00,0x00,0x00,0xff,0x00,0x00,0x00,0xff,0x00,0x00,0x00,0xff,0x00,0x00,0x00,0xff,
    0x00,0x00,0x00,0xff,0x00,0x00,0x00,0xff,0x00,0x00,0x00,0xff,0x00,0x00,0x00,0xff,
    0x00,0x00,0x00,0xff,0x00,0x00,0x00,0xff,0x00,0x00,0x00,0xff,0x00,0x00,0x00,0xff,
    0x00,0x00,0x00,0xff,0x00,0x00,0x00,0xff,0x22,0x00,0x00,0xff,0xaa,0x00,0x00,0xff,
    0xcc,0x00,0x00,0xff,0xcc,0x00,0x00,0xff,0xcc,0x00,0x00,0xff,0xcc,0x00,0x00,0xff,
    0xcc,0x00,0x00,0xff,0xcc,0x00,0x00,0xff,0x00,0x00,0x00,0xff,0x00,0x00,0x00,0xff,
    0x00,0x00,0x00,0xff,0x00,0x00,0x00,0xff,0x00,0x00,0x00,0xff,0x00,0x00,0x00,0xff,
    0x00,0x00,0x00,0xff,0x00,0x00,0x00,0xff,0x00,0x00,0x00,0xff,0x00,0x00,0x00,0xff,
    0x00,0x00,0x00,0xff,0x00,0x00,0x00,0xff,0x00,0x00,0x00,0xff,0x00,0x00,0x00,0xff,
    0x00,0x00,0x00,0xff,0x00,0x00,0x00,0xff,0x00,0x00,0x00,0xff,0x00,0x00,0x00,0xff,
    0x00,0x00,0x00,0xff,0x00,0x00,0x00,0xff,0x00,0x00,0x00,0xff,0x00,0x00,0x00,0xff,
    0x00,0x00,0x00,0xff,0x00,0x00,0x00,0xff,0x00,0x00,0x00,0xff,0x00,0x00,0x00,0xff,
    0x00,0x00,0x00,0xff,0x00,0x00,0x00,0xff,0x00,0x00,0x00,0xff,0x00,0x00,0x00,0xff,
    0x00,0x00,0x00,0xff,0x00,0x00,0x00,0xff,0x22,0x00,0x22,0xff,0xaa,0x00,0xaa,0xff,
    0xcc,0x00,0xcc,0xff,0xcc,0x00,0xcc,0xff,0xcc,0x00,0xcc,0xff,0xcc,0x00,0xcc,0xff,
    0xcc,0x00,0xcc,0xff,0xcc,0x00,0xcc,0xff,0xcc,0x00,0xcc,0xff,0xcc,0x00,0xcc,0xff,
    0xcc,0x00,0xcc,0xff,0xcc,0x00,0xcc,0xff,0xcc,0x00,0xcc,0xff,0xcc,0x00,0xcc,0xff,
    0xcc,0x00,0xcc,0xff,0xcc,0x00,0xcc,0xff,0xcc,0x00,0xcc,0xff,0xcc,0x00,0xcc,0xff,
    0xcc,0x00,0xcc,0xff,0xcc,0x00,0xcc,0xff,0xcc,0x00,0xcc,0xff,0xcc,0x00,0xcc,0xff,
    0xcc,0x00,0xcc,0xff,0xcc,0x00,0xcc,0xff,0xcc,0x00,0xcc,0xff,0xcc,0x00,0xcc,0xff,
    0xcc,0x00,0xcc,0xff,0xaa,0x00,0xaa,0xff,0x22,0x00,0x22,0xff,0x00,0x00,0x00,0xff,
    0x00,0x00,0x00,0xff,0x00,0x00,0x00,0xff,0x00,0x00,0x00,0xff,0x00,0x00,0x00,0xff,
    0x00,0x00,0x00,0xff,0x00,0x00,0x00,0xff,0x00,0x00,0x00,0xff,0x00,0x00,0x00,0xff,
    0x00,0x00,0x00,0xff,0x00,0x00,0x00,0xff,0x00,0x00,0x00,0xff,0x00,0x00,0x00,0xff,
    0x00,0x00,0x00,0xff,0x00,0x00,0x00,0xff,0x00,0x00,0x00,0xff,0x00,0x00,0x00,0xff,
    0x00,0x00,0x00,0xff,0x00,0x00,0x00,0xff,0x00,0x00,0x00,0xff,0x00,0x00,0x00,0xff,
    0x00,0x00,0x00,0xff,0x00,0x00,0x00,0xff,0x00,0x00,0x00,0xff,0x00,0x00,0x00,0xff,
    0x22,0x00,0x00,0xff,0xaa,0x00,0x00,0xff,0xcc,0x00,0x00,0xff,0xcc,0x00,0x00,0xff,
    0xcc,0x00,0x00,0xff,0xcc,0x00,0x00,0xff,0xcc,0x00,0x00,0xff,0xcc,0x00,0x00,0xff,
    0x00,0x00,0x00,0xff,0x00,0x00,0x00,0xff,0x00,0x00,0x00,0xff,0x00,0x00,0x00,0xff,
    0x00,0x00,0x00,0xff,0x00,0x00,0x00,0xff,0x00,0x00,0x00,0xff,0x00,0x00,0x00,0xff,
    0x00,0x00,0x00,0xff,0x00,0x00,0x00,0xff,0x00,0x00,0x00,0xff,0x00,0x00,0x00,0xff,
    0x00,0x00,0x00,0xff,0x00,0x00,0x00,0xff,0x00,0x00,0x00,0xff,0x00,0x00,0x00,0xff,
    0x00,0x00,0x00,0xff,0x00,0x00,0x00,0xff,0x00,0x00,0x00,0xff,0x00,0x00,0x00,0xff,
    0x00,0x00,0x00,0xff,0x00,0x00,0x00,0xff,0x00,0x00,0x00,0xff,0x00,0x00,0x00,0xff,
    0x00,0x00,0x00,0xff,0x00,0x00,0x00,0xff,0x00,0x00,0x00,0xff,0x00,0x00,0x00,0xff,
    0x00,0x00,0x00,0xff,0x00,0x00,0x00,0xff,0x00,0x00,0x00,0xff,0x00,0x00,0x00,0xff,
    0x22,0x00,0x22,0xff,0xaa,0x00,0xaa,0xff,0xcc,0x00,0xcc,0xff,0xcc,0x00,0xcc,0xff,
    0xcc,0x00,0xcc,0xff,0xcc,0x00,0xcc,0xff,0xcc,0x00,0xcc,0xff,0xcc,0x00,0xcc,0xff,
    0xcc,0x00,0xcc,0xff,0xcc,0x00,0xcc,0xff,0xcc,0x00,0xcc,0xff,0xcc,0x00,0xcc,0xff,
    0xcc,0x00,0xcc,0xff,0xcc,0x00,0xcc,0xff,0xcc,0x00,0xcc,0xff,0xcc,0x00,0xcc,0xff,
    0xcc,0x00,0xcc,0xff,0xcc,0x00,0xcc,0xff,0xcc,0x00,0xcc,0xff,0xcc,0x00,0xcc,0xff,
    0xcc,0x00,0xcc,0xff,0xcc,0x00,0xcc,0xff,0xcc,0x00,0xcc,0xff,0xcc,0x00,0xcc,0xff,
    0xcc,0x00,0xcc,0xff,0xcc,0x00,0xcc,0xff,0xcc,0x00,0xcc,0xff,0xaa,0x00,0xaa,0xff,
    0x22,0x00,0x22,0xff,0x00,0x00,0x00,0xff,0x00,0x00,0x00,0xff,0x00,0x00,0x00,0xff,
    0x00,0x00,0x00,0xff,0x00,0x00,0x00,0xff,0x00,0x00,0x00,0xff,0x00,0x00,0x00,0xff,
    0x00,0x00,0x00,0xff,0x00,0x00,0x00,0xff,0x00,0x00,0x00,0xff,0x00,0x00,0x00,0xff,
    0x00,0x00,0x00,0xff,0x00,0x00,0x00,0xff,0x00,0x00,0x00,0xff,0x00,0x00,0x00,0xff,
    0x00,0x00,0x00,0xff,0x00,0x00,0x00,0xff,0x00,0x00,0x00,0xff,0x00,0x00,0x00,0xff,
    0x00,0x00,0x00,0xff,0x00,0x00,0x00,0xff,0x00,0x00,0x00,0xff,0x00,0x00,0x00,0xff,
    0x00,0x00,0x00,0xff,0x00,0x00,0x00,0xff,0x22,0x00,0x00,0xff,0xaa,0x00,0x00,0xff,
    0xcc,0x00,0x00,0xff,0xcc,0x00,0x00,0xff,0xcc,0x00,0x00,0xff,0xcc,0x00,0x00,0xff,
    0xcc,0x00,0x00,0xff,0xcc,0x00,0x00,0xff,0x00,0x00,0x00,0xff,0x00,0x00,0x00,0xff,
    0x00,0x00,0x00,0xff,0x00,0x00,0x00,0xff,0x00,0x00,0x00,0xff,0x00,0x00,0x00,0xff,
    0x00,0x00,0x00,0xff,0x00,0x00,0x00,0xff,0x00,0x00,0x00,0xff,0x00,0x00,0x00,0xff,
    0x00,0x00,0x00,0xff,0x00,0x00,0x00,0xff,0x00,0x00,0x00,0xff,0x00,0x00,0x00,0xff,
    0x00,0x00,0x00,0xff,0x00,0x00,0x00,0xff,0x00,0x00,0x00,0xff,0x00,0x00,0x00,0xff,
    0x00,0x00,0x00,0xff,0x00,0x00,0x00,0xff,0x00,0x00,0x00,0xff,0x00,0x00,0x00,0xff,
    0x00,0x00,0x00,0xff,0x11,0x00,0x00,0xff,0x55,0x00,0x00,0xff,0x66,0x00,0x00,0xff,
    0x66,0x00,0x00,0xff,0x66,0x00,0x00,0xff,0x66,0x00,0x00,0xff,0x66,0x00,0x00,0xff,
    0x66,0x00,0x00,0xff,0x66,0x00,0x00,0xff,0x77,0x00,0x11,0xff,0xba,0x00,0x54,0xff,
    0xcc,0x00,0x66,0xff,0xcc,0x00,0x66,0xff,0xcc,0x00,0x66,0xff,0xcc,0x00,0x66,0xff,
    0xcc,0x00,0x66,0xff,0xcc,0x00,0x66,0xff,0xcc,0x00,0x66,0xff,0xcc,0x00,0x66,0xff,
    0xcc,0x00,0x66,0xff,0xcc,0x00,0x66,0xff,0xcc,0x00,0x66,0xff,0xcc,0x00,0x66,0xff,
    0xcc,0x00,0x66,0xff,0xcc,0x00,0x66,0xff,0xcc,0x00,0x66,0xff,0xcc,0x00,0x66,0xff,
    0xcc,0x00,0x66,0xff,0xcc,0x00,0x66,0xff,0xcc,0x00,0x66,0xff,0xcc,0x00,0x66,0xff,
    0xcc,0x00,0x66,0xff,0xcc,0x00,0x66,0xff,0xcc,0x00,0x66,0xff,0xcc,0x00,0x66,0xff,
    0xcc,0x00,0x66,0xff,0xbb,0x00,0x55,0xff,0x78,0x00,0x11,0xff,0x66,0x00,0x00,0xff,
    0x66,0x00,0x00,0xff,0x66,0x00,0x00,0xff,0x66,0x00,0x00,0xff,0x66,0x00,0x00,0xff,
    0x66,0x00,0x00,0xff,0x66,0x00,0x00,0xff,0x54,0x00,0x00,0xff,0x11,0x00,0x00,0xff,
    0x00,0x00,0x00,0xff,0x00,0x00,0x00,0xff,0x00,0x00,0x00,0xff,0x00,0x00,0x00,0xff,
    0x00,0x00,0x00,0xff,0x00,0x00,0x00,0xff,0x00,0x00,0x00,0xff,0x11,0x00,0x11,0xff,
    0x55,0x00,0x55,0xff,0x66,0x00,0x66,0xff,0x66,0x00,0x66,0xff,0x66,0x00,0x66,0xff,
    0x66,0x00,0x66,0xff,0x66,0x00,0x66,0xff,0x66,0x00,0x66,0xff,0x66,0x00,0x66,0xff,
    0x65,0x00,0x54,0xff,0x65,0x00,0x11,0xff,0x66,0x00,0x00,0xff,0x66,0x00,0x00,0xff,
    0x66,0x00,0x00,0xff,0x66,0x00,0x00,0xff,0x66,0x00,0x00,0xff,0x66,0x00,0x00,0xff,
    0x00,0x00,0x00,0xff,0x00,0x00,0x00,0xff,0x00,0x00,0x00,0xff,0x00,0x00,0x00,0xff,
    0x00,0x00,0x00,0xff,0x00,0x00,0x00,0xff,0x00,0x00,0x00,0xff,0x00,0x00,0x00,0xff,
    0x00,0x00,0x00,0xff,0x00,0x00,0x00,0xff,0x00,0x00,0x00,0xff,0x00,0x00,0x00,0xff,
    0x00,0x00,0x00,0xff,0x00,0x00,0x00,0xff,0x00,0x00,0x00,0xff,0x00,0x00,0x00,0xff,
    0x00,0x00,0x00,0xff,0x00,0x00,0x00,0xff,0x00,0x00,0x00,0xff,0x00,0x00,0x00,0xff,
    0x00,0x00,0x00,0xff,0x00,0x00,0x00,0xff,0x00,0x00,0x00,0xff,0x22,0x00,0x00,0xff,
    0xaa,0x00,0x00,0xff,0xcc,0x00,0x00,0xff,0xcc,0x00,0x00,0xff,0xcc,0x00,0x00,0xff,
    0xcc,0x00,0x00,0xff,0xcc,0x00,0x00,0xff,0xcc,0x00,0x00,0xff,0xcc,0x00,0x00,0xff,
    0xcc,0x00,0x00,0xff,0xcc,0x00,0x00,0xff,0xcc,0x00,0x00,0xff,0xcc,0x00,0x00,0xff,
    0xcc,0x00,0x00,0xff,0xcc,0x00,0x00,0xff,0xcc,0x00,0x00,0xff,0xcc,0x00,0x00,0xff,
    0xcc,0x00,0x00,0xff,0xcc,0x00,0x00,0xff,0xcc,0x00,0x00,0xff,0xcc,0x00,0x00,0xff,
    0xcc,0x00,0x00,0xff,0xcc,0x00,0x00,0xff,0xcc,0x00,0x00,0xff,0xcc,0x00,0x00,0xff,
    0xcc,0x00,0x00,0xff,0xcc,0x00,0x00,0xff,0xcc,0x00,0x00,0xff,0xcc,0x00,0x00,0xff,
    0xcc,0x00,0x00,0xff,0xcc,0x00,0x00,0xff,0xcc,0x00,0x00,0xff,0xcc,0x00,0x00,0xff,
    0xcc,0x00,0x00,0xff,0xcc,0x00,0x00,0xff,0xcc,0x00,0x00,0xff,0xcc,0x00,0x00,0xff,
    0xcc,0x00,0x00,0xff,0xcc,0x00,0x00,0xff,0xcc,0x00,0x00,0xff,0xcc,0x00,0x00,0xff,
    0xcc,0x00,0x00,0xff,0xcc,0x00,0x00,0xff,0xcc,0x00,0x00,0xff,0xcc,0x00,0x00,0xff,
    0xaa,0x00,0x00,0xff,0x22,0x00,0x00,0xff,0x00,0x00,0x00,0xff,0x00,0x00,0x00,0xff,
    0x00,0x00,0x00,0xff,0x00,0x00,0x00,0xff,0x00,0x00,0x00,0xff,0x00,0x00,0x00,0xff,
    0x00,0x00,0x00,0xff,0x22,0x00,0x22,0xff,0xaa,0x00,0xaa,0xff,0xcc,0x00,0xcc,0xff,
    0xcc,0x00,0xcc,0xff,0xcc,0x00,0xcc,0xff,0xcc,0x00,0xcc,0xff,0xcc,0x00,0xcc,0xff,
    0xcc,0x00,0xcc,0xff,0xcc,0x00,0xcc,0xff,0xaa,0x00,0xaa,0xff,0x22,0x00,0x22,0xff,
    0x00,0x00,0x00,0xff,0x00,0x00,0x00,0xff,0x00,0x00,0x00,0xff,0x00,0x00,0x00,0xff,
    0x00,0x00,0x00,0xff,0x00,0x00,0x00,0xff,0x00,0x00,0x00,0xff,0x00,0x00,0x00,0xff,
    0x00,0x00,0x00,0xff,0x00,0x00,0x00,0xff,0x00,0x00,0x00,0xff,0x00,0x00,0x00,0xff,
    0x00,0x00,0x00,0xff,0x00,0x00,0x00,0xff,0x00,0x00,0x00,0xff,0x00,0x00,0x00,0xff,
    0x00,0x00,0x00,0xff,0x00,0x00,0x00,0xff,0x00,0x00,0x00,0xff,0x00,0x00,0x00,0xff,
    0x00,0x00,0x00,0xff,0x00,0x00,0x00,0xff,0x00,0x00,0x00,0xff,0x00,0x00,0x00,0xff,
    0x00,0x00,0x00,0xff,0x00,0x00,0x00,0xff,0x00,0x00,0x00,0xff,0x00,0x00,0x00,0xff,
    0x00,0x00,0x00,0xff,0x22,0x00,0x00,0xff,0xaa,0x00,0x00,0xff,0xcc,0x00,0x00,0xff,
    0xcc,0x00,0x00,0xff,0xcc,0x00,0x00,0xff,0xcc,0x00,0x00,0xff,0xcc,0x00,0x00,0xff,
    0xcc,0x00,0x00,0xff,0xcc,0x00,0x00,0xff,0xcc,0x00,0x00,0xff,0xcc,0x00,0x00,0xff,
    0xcc,0x00,0x00,0xff,0xcc,0x00,0x00,0xff,0xcc,0x00,0x00,0xff,0xcc,0x00,0x00,0xff,
    0xcc,0x00,0x00,0xff,0xcc,0x00,0x00,0xff,0xcc,0x00,0x00,0xff,0xcc,0x00,0x00,0xff,
    0xcc,0x00,0x00,0xff,0xcc,0x00,0x00,0xff,0xcc,0x00,0x00,0xff,0xcc,0x00,0x00,0xff,
    0xcc,0x00,0x00,0xff,0xcc,0x00,0x00,0xff,0xcc,0x00,0x00,0xff,0xcc,0x00,0x00,0xff,
    0xcc,0x00,0x00,0xff,0xcc,0x00,0x00,0xff,0xcc,0x00,0x00,0xff,0xcc,0x00,0x00,0xff,
    0xcc,0x00,0x00,0xff,0xcc,0x00,0x00,0xff,0xcc,0x00,0x00,0xff,0xcc,0x00,0x00,0xff,
    0xcc,0x00,0x00,0xff,0xcc,0x00,0x00,0xff,0xcc,0x00,0x00,0xff,0xcc,0x00,0x00,0xff,
    0xcc,0x00,0x00,0xff,0xcc,0x00,0x00,0xff,0xcc,0x00,0x00,0xff,0xcc,0x00,0x00,0xff,
    0xcc,0x00,0x00,0xff,0xcc,0x00,0x00,0xff,0xaa,0x00,0x00,0xff,0x22,0x00,0x00,0xff,
    0x00,0x00,0x00,0xff,0x00,0x00,0x00,0xff,0x00,0x00,0x00,0xff,0x00,0x00,0x00,0xff,
    0x00,0x00,0x00,0xff,0x00,0x00,0x00,0xff,0x00,0x00,0x00,0xff,0x22,0x00,0x22,0xff,
    0xaa,0x00,0xaa,0xff,0xcc,0x00,0xcc,0xff,0xcc,0x00,0xcc,0xff,0xcc,0x00,0xcc,0xff,
    0xcc,0x00,0xcc,0xff,0xcc,0x00,0xcc,0xff,0xcc,0x00,0xcc,0xff,0xcc,0x00,0xcc,0xff,
    0xaa,0x00,0xaa,0xff,0x22,0x00,0x22,0xff,0x00,0x00,0x00,0xff,0x00,0x00,0x00,0xff,
    0x00,0x00,0x00,0xff,0x00,0x00,0x00,0xff,0x00,0x00,0x00,0xff,0x00,0x00,0x00,0xff,
    0x00,0x00,0x00,0xff,0x00,0x00,0x00,0xff,0x00,0x00,0x00,0xff,0x00,0x00,0x00,0xff,
    0x00,0x00,0x00,0xff,0x00,0x00,0x00,0xff,0x00,0x00,0x00,0xff,0x00,0x00,0x00,0xff,
    0x00,0x00,0x00,0xff,0x00,0x00,0x00,0xff,0x00,0x00,0x00,0xff,0x00,0x00,0x00,0xff,
    0x00,0x00,0x00,0xff,0x00,0x00,0x00,0xff,0x00,0x00,0x00,0xff,0x00,0x00,0x00,0xff,
    0x00,0x00,0x00,0xff,0x00,0x00,0x00,0xff,0x00,0x00,0x00,0xff,0x00,0x00,0x00,0xff,
    0x00,0x00,0x00,0xff,0x00,0x00,0x00,0xff,0x00,0x00,0x00,0xff,0x22,0x00,0x00,0xff,
    0xaa,0x00,0x00,0xff,0xcc,0x00,0x00,0xff,0xcc,0x00,0x00,0xff,0xcc,0x00,0x00,0xff,
    0xcc,0x00,0x00,0xff,0xcc,0x00,0x00,0xff,0xcc,0x00,0x00,0xff,0xcc,0x00,0x00,0xff,
    0xcc,0x00,0x00,0xff,0xcc,0x00,0x00,0xff,0xcc,0x00,0x00,0xff,0xcc,0x00,0x00,0xff,
    0xcc,0x00,0x00,0xff,0xcc,0x00,0x00,0xff,0xcc,0x00,0x00,0xff,0xcc,0x00,0x00,0xff,
    0xcc,0x00,0x00,0xff,0xcc,0x00,0x00,0xff,0xcc,0x00,0x00,0xff,0xcc,0x00,0x00,0xff,
    0xcc,0x00,0x00,0xff,0xcc,0x00,0x00,0xff,0xcc,0x00,0x00,0xff,0xcc,0x00,0x00,0xff,
    0xcc,0x00,0x00,0xff,0xcc,0x00,0x00,0xff,0xcc,0x00,0x00,0xff,0xcc,0x00,0x00,0xff,
    0xcc,0x00,0x00,0xff,0xcc,0x00,0x00,0xff,0xcc,0x00,0x00,0xff,0xcc,0x00,0x00,0xff,
    0xcc,0x00,0x00,0xff,0xcc,0x00,0x00,0xff,0xcc,0x00,0x00,0xff,0xcc,0x00,0x00,0xff,
    0xcc,0x00,0x00,0xff,0xcc,0x00,0x00,0xff,0xcc,0x00,0x00,0xff,0xcc,0x00,0x00,0xff,
    0xcc,0x00,0x00,0xff,0xcc,0x00,0x00,0xff,0xcc,0x00,0x00,0xff,0xcc,0x00,0x00,0xff,
    0xaa,0x00,0x00,0xff,0x22,0x00,0x00,0xff,0x00,0x00,0x00,0xff,0x00,0x00,0x00,0xff,
    0x00,0x00,0x00,0xff,0x00,0x00,0x00,0xff,0x00,0x00,0x00,0xff,0x00,0x00,0x00,0xff,
    0x00,0x00,0x00,0xff,0x22,0x00,0x22,0xff,0xaa,0x00,0xaa,0xff,0xcc,0x00,0xcc,0xff,
    0xcc,0x00,0xcc,0xff,0xcc,0x00,0xcc,0xff,0xcc,0x00,0xcc,0xff,0xcc,0x00,0xcc,0xff,
    0xcc,0x00,0xcc,0xff,0xcc,0x00,0xcc,0xff,0xaa,0x00,0xaa,0xff,0x22,0x00,0x22,0xff,
    0x00,0x00,0x00,0xff,0x00,0x00,0x00,0xff,0x00,0x00,0x00,0xff,0x00,0x00,0x00,0xff,
    0x00,0x00,0x00,0xff,0x00,0x00,0x00,0xff,0x22,0x00,0x00,0xff,0x22,0x00,0x00,0xff,
    0x22,0x00,0x00,0xff,0x22,0x00,0x00,0xff,0x22,0x00,0x00,0xff,0x22,0x00,0x00,0xff,
    0x22,0x00,0x00,0xff,0x22,0x00,0x00,0xff,0x22,0x00,0x00,0xff,0x22,0x00,0x00,0xff,
    0x22,0x00,0x00,0xff,0x22,0x00,0x00,0xff,0x22,0x00,0x00,0xff,0x22,0x00,0x00,0xff,
    0x22,0x00,0x00,0xff,0x22,0x00,0x00,0xff,0x22,0x00,0x00,0xff,0x22,0x00,0x00,0xff,
    0x22,0x00,0x00,0xff,0x22,0x00,0x00,0xff,0x22,0x00,0x00,0xff,0x22,0x00,0x00,0xff,
    0x22,0x00,0x00,0xff,0x3f,0x00,0x00,0xff,0xaf,0x00,0x00,0xff,0xcc,0x00,0x00,0xff,
    0xcc,0x00,0x00,0xff,0xcc,0x00,0x00,0xff,0xcc,0x00,0x00,0xff,0xcc,0x00,0x00,0xff,
    0xcc,0x00,0x00,0xff,0xcc,0x00,0x00,0xff,0xcc,0x00,0x00,0xff,0xcc,0x00,0x00,0xff,
    0xcc,0x00,0x00,0xff,0xcc,0x00,0x00,0xff,0xcc,0x00,0x00,0xff,0xcc,0x00,0x00,0xff,
    0xcc,0x00,0x00,0xff,0xcc,0x00,0x00,0xff,0xcc,0x00,0x00,0xff,0xcc,0x00,0x00,0xff,
    0xcc,0x00,0x00,0xff,0xcc,0x00,0x00,0xff,0xcc,0x00,0x00,0xff,0xcc,0x00,0x00,0xff,
    0xcc,0x00,0x00,0xff,0xcc,0x00,0x00,0xff,0xcc,0x00,0x00,0xff,0xcc,0x00,0x00,0xff,
    0xc6,0x00,0x00,0xff,0xaf,0x00,0x00,0xff,0xaa,0x00,0x00,0xff,0xaa,0x00,0x00,0xff,
    0xaa,0x00,0x00,0xff,0xaa,0x00,0x00,0xff,0xaa,0x00,0x00,0xff,0xaa,0x00,0x00,0xff,
    0xaa,0x00,0x00,0xff,0xaf,0x00,0x06,0xff,0xc6,0x00,0x1d,0xff,0xcc,0x00,0x22,0xff,
    0xcc,0x00,0x22,0xff,0xcc,0x00,0x22,0xff,0xcc,0x00,0x22,0xff,0xcc,0x00,0x22,0xff,
    0xcc,0x00,0x22,0xff,0xcc,0x00,0x22,0xff,0xaf,0x00,0x22,0xff,0x3f,0x00,0x22,0xff,
    0x22,0x00,0x22,0xff,0x22,0x00,0x22,0xff,0x22,0x00,0x22,0xff,0x22,0x00,0x22,0xff,
    0x22,0x00,0x22,0xff,0x22,0x00,0x22,0xff,0x22,0x00,0x22,0xff,0x3f,0x00,0x3f,0xff,
    0xaf,0x00,0xaf,0xff,0xcc,0x00,0xcc,0xff,0xcc,0x00,0xcc,0xff,0xcc,0x00,0xcc,0xff,
    0xcc,0x00,0xcc,0xff,0xcc,0x00,0xcc,0xff,0xcc,0x00,0xcc,0xff,0xcc,0x00,0xcc,0xff,
    0xaf,0x00,0xaf,0xff,0x3f,0x00,0x3f,0xff,0x22,0x00,0x22,0xff,0x22,0x00,0x22,0xff,
    0x22,0x00,0x22,0xff,0x22,0x00,0x22,0xff,0x22,0x00,0x22,0xff,0x22,0x00,0x22,0xff,
    0xaa,0x00,0x00,0xff,0xaa,0x00,0x00,0xff,0xaa,0x00,0x00,0xff,0xaa,0x00,0x00,0xff,
    0xaa,0x00,0x00,0xff,0xaa,0x00,0x00,0xff,0xaa,0x00,0x00,0xff,0xaa,0x00,0x00,0xff,
    0xaa,0x00,0x00,0xff,0xaa,0x00,0x00,0xff,0xaa,0x00,0x00,0xff,0xaa,0x00,0x00,0xff,
    0xaa,0x00,0x00,0xff,0xaa,0x00,0x00,0xff,0xaa,0x00,0x00,0xff,0xaa,0x00,0x00,0xff,
    0xaa,0x00,0x00,0xff,0xaa,0x00,0x00,0xff,0xaa,0x00,0x00,0xff,0xaa,0x00,0x00,0xff,
    0xaa,0x00,0x00,0xff,0xaa,0x00,0x00,0xff,0xaa,0x00,0x00,0xff,0xaf,0x00,0x00,0xff,
    0xc6,0x00,0x00,0xff,0xcc,0x00,0x00,0xff,0xcc,0x00,0x00,0xff,0xcc,0x00,0x00,0xff,
    0xcc,0x00,0x00,0xff,0xcc,0x00,0x00,0xff,0xcc,0x00,0x00,0xff,0xcc,0x00,0x00,0xff,
    0xcc,0x00,0x00,0xff,0xcc,0x00,0x00,0xff,0xcc,0x00,0x00,0xff,0xcc,0x00,0x00,0xff,
    0xcc,0x00,0x00,0xff,0xcc,0x00,0x00,0xff,0xcc,0x00,0x00,0xff,0xcc,0x00,0x00,0xff,
    0xcc,0x00,0x00,0xff,0xcc,0x00,0x00,0xff,0xcc,0x00,0x00,0xff,0xcc,0x00,0x00,0xff,
    0xcc,0x00,0x00,0xff,0xcc,0x00,0x00,0xff,0xcc,0x00,0x00,0xff,0xcc,0x00,0x00,0xff,
    0xcc,0x00,0x00,0xff,0xcc,0x00,0x00,0xff,0xb0,0x00,0x00,0xff,0x3f,0x00,0x00,0xff,
    0x22,0x00,0x00,0xff,0x22,0x00,0x00,0xff,0x22,0x00,0x00,0xff,0x22,0x00,0x00,0xff,
    0x22,0x00,0x00,0xff,0x22,0x00,0x00,0xff,0x22,0x00,0x00,0xff,0x3f,0x00,0x1d,0xff,
    0xaf,0x00,0x8d,0xff,0xcc,0x00,0xaa,0xff,0xcc,0x00,0xaa,0xff,0xcc,0x00,0xaa,0xff,
    0xcc,0x00,0xaa,0xff,0xcc,0x00,0xaa,0xff,0xcc,0x00,0xaa,0xff,0xcc,0x00,0xaa,0xff,
    0xc6,0x00,0xaa,0xff,0xaf,0x00,0xaa,0xff,0xaa,0x00,0xaa,0xff,0xaa,0x00,0xaa,0xff,
    0xaa,0x00,0xaa,0xff,0xaa,0x00,0xaa,0xff,0xaa,0x00,0xaa,0xff,0xaa,0x00,0xaa,0xff,
    0xaa,0x00,0xaa,0xff,0xaf,0x00,0xaf,0xff,0xc6,0x00,0xc6,0xff,0xcc,0x00,0xcc,0xff,
    0xcc,0x00,0xcc,0xff,0xcc,0x00,0xcc,0xff,0xcc,0x00,0xcc,0xff,0xcc,0x00,0xcc,0xff,
    0xcc,0x00,0xcc,0xff,0xcc,0x00,0xcc,0xff,0xc6,0x00,0xc6,0xff,0xaf,0x00,0xaf,0xff,
    0xaa,0x00,0xaa,0xff,0xaa,0x00,0xaa,0xff,0xaa,0x00,0xaa,0xff,0xaa,0x00,0xaa,0xff,
    0xaa,0x00,0xaa,0xff,0xaa,0x00,0xaa,0xff,0xcc,0x00,0x00,0xff,0xcc,0x00,0x00,0xff,
    0xcc,0x00,0x00,0xff,0xcc,0x00,0x00,0xff,0xcc,0x00,0x00,0xff,0xcc,0x00,0x00,0xff,
    0xcc,0x00,0x00,0xff,0xcc,0x00,0x00,0xff,0xcc,0x00,0x00,0xff,0xcc,0x00,0x00,0xff,
    0xcc,0x00,0x00,0xff,0xcc,0x00,0x00,0xff,0xcc,0x00,0x00,0xff,0xcc,0x00,0x00,0xff,
    0xcc,0x00,0x00,0xff,0xcc,0x00,0x00,0xff,0xcc,0x00,0x00,0xff,0xcc,0x00,0x00,0xff,
    0xcc,0x00,0x00,0xff,0xcc,0x00,0x00,0xff,0xcc,0x00,0x00,0xff,0xcc,0x00,0x00,0xff,
    0xcc,0x00,0x00,0xff,0xcc,0x00,0x00,0xff,0xcc,0x00,0x00,0xff,0xcc,0x00,0x00,0xff,
    0xcc,0x00,0x00,0xff,0xcc,0x00,0x00,0xff,0xcc,0x00,0x00,0xff,0xcc,0x00,0x00,0xff,
    0xcc,0x00,0x00,0xff,0xcc,0x00,0x00,0xff,0xcc,0x00,0x00,0xff,0xcc,0x00,0x00,0xff,
    0xcc,0x00,0x00,0xff,0xcc,0x00,0x00,0xff,0xcc,0x00,0x00,0xff,0xcc,0x00,0x00,0xff,
    0xcc,0x00,0x00,0xff,0xcc,0x00,0x00,0xff,0xcc,0x00,0x00,0xff,0xcc,0x00,0x00,0xff,
    0xcc,0x00,0x00,0xff,0xcc,0x00,0x00,0xff,0xcc,0x00,0x00,0xff,0xcc,0x00,0x00,0xff,
    0xcc,0x00,0x00,0xff,0xcc,0x00,0x00,0xff,0xcc,0x00,0x00,0xff,0xcc,0x00,0x00,0xff,
    0xab,0x00,0x00,0xff,0x22,0x00,0x00,0xff,0x00,0x00,0x00,0xff,0x00,0x00,0x00,0xff,
    0x00,0x00,0x00,0xff,0x00,0x00,0x00,0xff,0x00,0x00,0x00,0xff,0x00,0x00,0x00,0xff,
    0x00,0x00,0x00,0xff,0x22,0x00,0x22,0xff,0xaa,0x00,0xaa,0xff,0xcc,0x00,0xcc,0xff,
    0xcc,0x00,0xcc,0xff,0xcc,0x00,0xcc,0xff,0xcc,0x00,0xcc,0xff,0xcc,0x00,0xcc,0xff,
    0xcc,0x00,0xcc,0xff,0xcc,0x00,0xcc,0xff,0xcc,0x00,0xcc,0xff,0xcc,0x00,0xcc,0xff,
    0xcc,0x00,0xcc,0xff,0xcc,0x00,0xcc,0xff,0xcc,0x00,0xcc,0xff,0xcc,0x00,0xcc,0xff,
    0xcc,0x00,0xcc,0xff,0xcc,0x00,0xcc,0xff,0xcc,0x00,0xcc,0xff,0xcc,0x00,0xcc,0xff,
    0xcc,0x00,0xcc,0xff,0xcc,0x00,0xcc,0xff,0xcc,0x00,0xcc,0xff,0xcc,0x00,0xcc,0xff,
    0xcc,0x00,0xcc,0xff,0xcc,0x00,0xcc,0xff,0xcc,0x00,0xcc,0xff,0xcc,0x00,0xcc,0xff,
    0xcc,0x00,0xcc,0xff,0xcc,0x00,0xcc,0xff,0xcc,0x00,0xcc,0xff,0xcc,0x00,0xcc,0xff,
    0xcc,0x00,0xcc,0xff,0xcc,0x00,0xcc,0xff,0xcc,0x00,0xcc,0xff,0xcc,0x00,0xcc,0xff,
    0xcc,0x00,0x00,0xff,0xcc,0x00,0x00,0xff,0xcc,0x00,0x00,0xff,0xcc,0x00,0x00,0xff,
    0xcc,0x00,0x00,0xff,0xcc,0x00,0x00,0xff,0xcc,0x00,0x00,0xff,0xcc,0x00,0x00,0xff,
    0xcc,0x00,0x00,0xff,0xcc,0x00,0x00,0xff,0xcc,0x00,0x00,0xff,0xcc,0x00,0x00,0xff,
    0xcc,0x00,0x00,0xff,0xcc,0x00,0x00,0xff,0xcc,0x00,0x00,0xff,0xcc,0x00,0x00,0xff,
    0xcc,0x00,0x00,0xff,0xcc,0x00,0x00,0xff,0xcc,0x00,0x00,0xff,0xcc,0x00,0x00,0xff,
    0xcc,0x00,0x00,0xff,0xcc,0x00,0x00,0xff,0xcc,0x00,0x00,0xff,0xcc,0x00,0x00,0xff,
    0xcc,0x00,0x00,0xff,0xcc,0x00,0x00,0xff,0xcc,0x00,0x00,0xff,0xcc,0x00,0x00,0xff,
    0xcc,0x00,0x00,0xff,0xcc,0x00,0x00,0xff,0xcc,0x00,0x00,0xff,0xcc,0x00,0x00,0xff,
    0xcc,0x00,0x00,0xff,0xcc,0x00,0x00,0xff,0xcc,0x00,0x00,0xff,0xcc,0x00,0x00,0xff,
    0xcc,0x00,0x00,0xff,0xcc,0x00,0x00,0xff,0xcc,0x00,0x00,0xff,0xcc,0x00,0x00,0xff,
    0xcc,0x00,0x00,0xff,0xcc,0x00,0x00,0xff,0xcc,0x00,0x00,0xff,0xcc,0x00,0x00,0xff,
    0xcc,0x00,0x00,0xff,0xcc,0x00,0x00,0xff,0xcc,0x00,0x00,0xff,0xcc,0x00,0x00,0xff,
    0xcc,0x00,0x00,0xff,0xcc,0x00,0x00,0xff,0xab,0x00,0x00,0xff,0x22,0x00,0x00,0xff,
    0x00,0x00,0x00,0xff,0x00,0x00,0x00,0xff,0x00,0x00,0x00,0xff,0x00,0x00,0x00,0xff,
    0x00,0x00,0x00,0xff,0x00,0x00,0x00,0xff,0x00,0x00,0x00,0xff,0x22,0x00,0x22,0xff,
    0xaa,0x00,0xaa,0xff,0xcc,0x00,0xcc,0xff,0xcc,0x00,0xcc,0xff,0xcc,0x00,0xcc,0xff,
    0xcc,0x00,0xcc,0xff,0xcc,0x00,0xcc,0xff,0xcc,0x00,0xcc,0xff,0xcc,0x00,0xcc,0xff,
    0xcc,0x00,0xcc,0xff,0xcc,0x00,0xcc,0xff,0xcc,0x00,0xcc,0xff,0xcc,0x00,0xcc,0xff,
    0xcc,0x00,0xcc,0xff,0xcc,0x00,0xcc,0xff,0xcc,0x00,0xcc,0xff,0xcc,0x00,0xcc,0xff,
    0xcc,0x00,0xcc,0xff,0xcc,0x00,0xcc,0xff,0xcc,0x00,0xcc,0xff,0xcc,0x00,0xcc,0xff,
    0xcc,0x00,0xcc,0xff,0xcc,0x00,0xcc,0xff,0xcc,0x00,0xcc,0xff,0xcc,0x00,0xcc,0xff,
    0xcc,0x00,0xcc,0xff,0xcc,0x00,0xcc,0xff,0xcc,0x00,0xcc,0xff,0xcc,0x00,0xcc,0xff,
    0xcc,0x00,0xcc,0xff,0xcc,0x00,0xcc,0xff,0xcc,0x00,0xcc,0xff,0xcc,0x00,0xcc,0xff,
    0xcc,0x00,0xcc,0xff,0xcc,0x00,0xcc,0xff,0xcc,0x00,0x00,0xff,0xcc,0x00,0x00,0xff,
    0xcc,0x00,0x00,0xff,0xcc,0x00,0x00,0xff,0xcc,0x00,0x00,0xff,0xcc,0x00,0x00,0xff,
    0xcc,0x00,0x00,0xff,0xcc,0x00,0x00,0xff,0xcc,0x00,0x00,0xff,0xcc,0x00,0x00,0xff,
    0xcc,0x00,0x00,0xff,0xcc,0x00,0x00,0xff,0xcc,0x00,0x00,0xff,0xcc,0x00,0x00,0xff,
    0xcc,0x00,0x00,0xff,0xcc,0x00,0x00,0xff,0xcc,0x00,0x00,0xff,0xcc,0x00,0x00,0xff,
    0xcc,0x00,0x00,0xff,0xcc,0x00,0x00,0xff,0xcc,0x00,0x00,0xff,0xcc,0x00,0x00,0xff,
    0xcc,0x00,0x00,0xff,0xcc,0x00,0x00,0xff,0xcc,0x00,0x00,0xff,0xcc,0x00,0x00,0xff,
    0xcc,0x00,0x00,0xff,0xcc,0x00,0x00,0xff,0xcc,0x00,0x00,0xff,0xcc,0x00,0x00,0xff,
    0xcc,0x00,0x00,0xff,0xcc,0x00,0x00,0xff,0xcc,0x00,0x00,0xff,0xcc,0x00,0x00,0xff,
    0xcc,0x00,0x00,0xff,0xcc,0x00,0x00,0xff,0xcc,0x00,0x00,0xff,0xcc,0x00,0x00,0xff,
    0xcc,0x00,0x00,0xff,0xcc,0x00,0x00,0xff,0xcc,0x00,0x00,0xff,0xcc,0x00,0x00,0xff,
    0xcc,0x00,0x00,0xff,0xcc,0x00,0x00,0xff,0xcc,0x00,0x00,0xff,0xcc,0x00,0x00,0xff,
    0xcc,0x00,0x00,0xff,0xcc,0x00,0x00,0xff,0xcc,0x00,0x00,0xff,0xcc,0x00,0x00,0xff,
    0xab,0x00,0x00,0xff,0x22,0x00,0x00,0xff,0x00,0x00,0x00,0xff,0x00,0x00,0x00,0xff,
    0x00,0x00,0x00,0xff,0x00,0x00,0x00,0xff,0x00,0x00,0x00,0xff,0x00,0x00,0x00,0xff,
    0x00,0x00,0x00,0xff,0x22,0x00,0x22,0xff,0xaa,0x00,0xaa,0xff,0xcc,0x00,0xcc,0xff,
    0xcc,0x00,0xcc,0xff,0xcc,0x00,0xcc,0xff,0xcc,0x00,0xcc,0xff,0xcc,0x00,0xcc,0xff,
    0xcc,0x00,0xcc,0xff,0xcc,0x00,0xcc,0xff,0xcc,0x00,0xcc,0xff,0xcc,0x00,0xcc,0xff,
    0xcc,0x00,0xcc,0xff,0xcc,0x00,0xcc,0xff,0xcc,0x00,0xcc,0xff,0xcc,0x00,0xcc,0xff,
    0xcc,0x00,0xcc,0xff,0xcc,0x00,0xcc,0xff,0xcc,0x00,0xcc,0xff,0xcc,0x00,0xcc,0xff,
    0xcc,0x00,0xcc,0xff,0xcc,0x00,0xcc,0xff,0xcc,0x00,0xcc,0xff,0xcc,0x00,0xcc,0xff,
    0xcc,0x00,0xcc,0xff,0xcc,0x00,0xcc,0xff,0xcc,0x00,0xcc,0xff,0xcc,0x00,0xcc,0xff,
    0xcc,0x00,0xcc,0xff,0xcc,0x00,0xcc,0xff,0xcc,0x00,0xcc,0xff,0xcc,0x00,0xcc,0xff,
    0xcc,0x00,0xcc,0xff,0xcc,0x00,0xcc,0xff,0xcc,0x00,0xcc,0xff,0xcc,0x00,0xcc,0xff,
    0x66,0x00,0x00,0xff,0x66,0x00,0x00,0xff,0x66,0x00,0x00,0xff,0x66,0x00,0x00,0xff,
    0x66,0x00,0x00,0xff,0x66,0x00,0x00,0xff,0x66,0x00,0x00,0xff,0x66,0x00,0x00,0xff,
    0x66,0x00,0x00,0xff,0x66,0x00,0x00,0xff,0x66,0x00,0x00,0xff,0x66,0x00,0x00,0xff,
    0x66,0x00,0x00,0xff,0x66,0x00,0x00,0xff,0x66,0x00,0x00,0xff,0x66,0x00,0x00,0xff,
    0x66,0x00,0x00,0xff,0x66,0x00,0x00,0xff,0x66,0x00,0x00,0xff,0x66,0x00,0x00,0xff,
    0x66,0x00,0x00,0xff,0x66,0x00,0x00,0xff,0x66,0x00,0x00,0xff,0x66,0x00,0x00,0xff,
    0x66,0x00,0x00,0xff,0x66,0x00,0x00,0xff,0x66,0x00,0x00,0xff,0x66,0x00,0x00,0xff,
    0x66,0x00,0x00,0xff,0x66,0x00,0x00,0xff,0x66,0x00,0x00,0xff,0x66,0x00,0x00,0xff,
    0x66,0x00,0x00,0xff,0x66,0x00,0x00,0xff,0x66,0x00,0x00,0xff,0x66,0x00,0x00,0xff,
    0x66,0x00,0x00,0xff,0x66,0x00,0x00,0xff,0x66,0x00,0x00,0xff,0x66,0x00,0x00,0xff,
    0x66,0x00,0x00,0xff,0x66,0x00,0x00,0xff,0x66,0x00,0x00,0xff,0x66,0x00,0x00,0xff,
    0x66,0x00,0x00,0xff,0x66,0x00,0x00,0xff,0x66,0x00,0x00,0xff,0x66,0x00,0x00,0xff,
    0x66,0x00,0x00,0xff,0x66,0x00,0x00,0xff,0x55,0x00,0x00,0xff,0x11,0x00,0x00,0xff,
    0x00,0x00,0x00,0xff,0x00,0x00,0x00,0xff,0x00,0x00,0x00,0xff,0x00,0x00,0x00,0xff,
    0x00,0x00,0x00,0xff,0x00,0x00,0x00,0xff,0x00,0x00,0x00,0xff,0x11,0x00,0x11,0xff,
    0x54,0x00,0x54,0xff,0x66,0x00,0x66,0xff,0x66,0x00,0x66,0xff,0x66,0x00,0x66,0xff,
    0x66,0x00,0x66,0xff,0x66,0x00,0x66,0xff,0x66,0x00,0x66,0xff,0x66,0x00,0x66,0xff,
    0x66,0x00,0x66,0xff,0x66,0x00,0x66,0xff,0x66,0x00,0x66,0xff,0x66,0x00,0x66,0xff,
    0x66,0x00,0x66,0xff,0x66,0x00,0x66,0xff,0x66,0x00,0x66,0xff,0x66,0x00,0x66,0xff,
    0x66,0x00,0x66,0xff,0x66,0x00,0x66,0xff,0x66,0x00,0x66,0xff,0x66,0x00,0x66,0xff,
    0x66,0x00,0x66,0xff,0x66,0x00,0x66,0xff,0x66,0x00,0x66,0xff,0x66,0x00,0x66,0xff,
    0x66,0x00,0x66,0xff,0x66,0x00,0x66,0xff,0x66,0x00,0x66,0xff,0x66,0x00,0x66,0xff,
    0x66,0x00,0x66,0xff,0x66,0x00,0x66,0xff,0x66,0x00,0x66,0xff,0x66,0x00,0x66,0xff,
    0x66,0x00,0x66,0xff,0x66,0x00,0x66,0xff,0x00,0x00,0x00,0xff,0x00,0x00,0x00,0xff,
    0x00,0x00,0x00,0xff,0x00,0x00,0x00,0xff,0x00,0x00,0x00,0xff,0x00,0x00,0x00,0xff,
    0x00,0x00,0x00,0xff,0x00,0x00,0x00,0xff,0x00,0x00,0x00,0xff,0x00,0x00,0x00,0xff,
    0x00,0x00,0x00,0xff,0x00,0x00,0x00,0xff,0x00,0x00,0x00,0xff,0x00,0x00,0x00,0xff,
    0x00,0x00,0x00,0xff,0x00,0x00,0x00,0xff,0x00,0x00,0x00,0xff,0x00,0x00,0x00,0xff,
    0x00,0x00,0x00,0xff,0x00,0x00,0x00,0xff,0x00,0x00,0x00,0xff,0x00,0x00,0x00,0xff,
    0x00,0x00,0x00,0xff,0x00,0x00,0x00,0xff,0x00,0x00,0x00,0xff,0x00,0x00,0x00,0xff,
    0x00,0x00,0x00,0xff,0x00,0x00,0x00,0xff,0x00,0x00,0x00,0xff,0x00,0x00,0x00,0xff,
    0x00,0x00,0x00,0xff,0x00,0x00,0x00,0xff,0x00,0x00,0x00,0xff,0x00,0x00,0x00,0xff,
    0x00,0x00,0x00,0xff,0x00,0x00,0x00,0xff,0x00,0x00,0x00,0xff,0x00,0x00,0x00,0xff,
    0x00,0x00,0x00,0xff,0x00,0x00,0x00,0xff,0x00,0x00,0x00,0xff,0x00,0x00,0x00,0xff,
    0x00,0x00,0x00,0xff,0x00,0x00,0x00,0xff,0x00,0x00,0x00,0xff,0x00,0x00,0x00,0xff,
    0x00,0x00,0x00,0xff,0x00,0x00,0x00,0xff,0x00,0x00,0x00,0xff,0x00,0x00,0x00,0xff,
    0x00,0x00,0x00,0xff,0x00,0x00,0x00,0xff,0x00,0x00,0x00,0xff,0x00,0x00,0x00,0xff,
    0x00,0x00,0x00,0xff,0x00,0x00,0x00,0xff,0x00,0x00,0x00,0xff,0x00,0x00,0x00,0xff,
    0x00,0x00,0x00,0xff,0x00,0x00,0x00,0xff,0x00,0x00,0x00,0xff,0x00,0x00,0x00,0xff,
    0x00,0x00,0x00,0xff,0x00,0x00,0x00,0xff,0x00,0x00,0x00,0xff,0x00,0x00,0x00,0xff,
    0x00,0x00,0x00,0xff,0x00,0x00,0x00,0xff,0x00,0x00,0x00,0xff,0x00,0x00,0x00,0xff,
    0x00,0x00,0x00,0xff,0x00,0x00,0x00,0xff,0x00,0x00,0x00,0xff,0x00,0x00,0x00,0xff,
    0x00,0x00,0x00,0xff,0x00,0x00,0x00,0xff,0x00,0x00,0x00,0xff,0x00,0x00,0x00,0xff,
    0x00,0x00,0x00,0xff,0x00,0x00,0x00,0xff,0x00,0x00,0x00,0xff,0x00,0x00,0x00,0xff,
    0x00,0x00,0x00,0xff,0x00,0x00,0x00,0xff,0x00,0x00,0x00,0xff,0x00,0x00,0x00,0xff,
    0x00,0x00,0x00,0xff,0x00,0x00,0x00,0xff,0x00,0x00,0x00,0xff,0x00,0x00,0x00,0xff,
    0x00,0x00,0x00,0xff,0x00,0x00,0x00,0xff,0x00,0x00,0x00,0xff,0x00,0x00,0x00,0xff,
    0x00,0x00,0x00,0xff,0x00,0x00,0x00,0xff,0x00,0x00,0x00,0xff,0x00,0x00,0x00,0xff,
    0x00,0x00,0x00,0xff,0x00,0x00,0x00,0xff,0x00,0x00,0x00,0xff,0x00,0x00,0x00,0xff,
    0x00,0x00,0x00,0xff,0x00,0x00,0x00,0xff,0x00,0x00,0x00,0xff,0x00,0x00,0x00,0xff,
    0x00,0x00,0x00,0xff,0x00,0x00,0x00,0xff,0x00,0x00,0x00,0xff,0x00,0x00,0x00,0xff,
    0x00,0x00,0x00,0xff,0x00,0x00,0x00,0xff,0x00,0x00,0x00,0xff,0x00,0x00,0x00,0xff,
    0x00,0x00,0x00,0xff,0x00,0x00,0x00,0xff,0x00,0x00,0x00,0xff,0x00,0x00,0x00,0xff,
    0x00,0x00,0x00,0xff,0x00,0x00,0x00,0xff,0x00,0x00,0x00,0xff,0x00,0x00,0x00,0xff,
    0x00,0x00,0x00,0xff,0x00,0x00,0x00,0xff,0x00,0x00,0x00,0xff,0x00,0x00,0x00,0xff,
    0x00,0x00,0x00,0xff,0x00,0x00,0x00,0xff,0x00,0x00,0x00,0xff,0x00,0x00,0x00,0xff,
    0x00,0x00,0x00,0xff,0x00,0x00,0x00,0xff,0x00,0x00,0x00,0xff,0x00,0x00,0x00,0xff,
    0x00,0x00,0x00,0xff,0x00,0x00,0x00,0xff,0x00,0x00,0x00,0xff,0x00,0x00,0x00,0xff,
    0x00,0x00,0x00,0xff,0x00,0x00,0x00,0xff,0x00,0x00,0x00,0xff,0x00,0x00,0x00,0xff,
    0x00,0x00,0x00,0xff,0x00,0x00,0x00,0xff,0x00,0x00,0x00,0xff,0x00,0x00,0x00,0xff,
    0x00,0x00,0x00,0xff,0x00,0x00,0x00,0xff,0x00,0x00,0x00,0xff,0x00,0x00,0x00,0xff,
    0x00,0x00,0x00,0xff,0x00,0x00,0x00,0xff,0x00,0x00,0x00,0xff,0x00,0x00,0x00,0xff,
    0x00,0x00,0x00,0xff,0x00,0x00,0x00,0xff,0x00,0x00,0x00,0xff,0x00,0x00,0x00,0xff,
    0x00,0x00,0x00,0xff,0x00,0x00,0x00,0xff,0x00,0x00,0x00,0xff,0x00,0x00,0x00,0xff,
    0x00,0x00,0x00,0xff,0x00,0x00,0x00,0xff,0x00,0x00,0x00,0xff,0x00,0x00,0x00,0xff,
    0x00,0x00,0x00,0xff,0x00,0x00,0x00,0xff,0x00,0x00,0x00,0xff,0x00,0x00,0x00,0xff,
    0x00,0x00,0x00,0xff,0x00,0x00,0x00,0xff,0x00,0x00,0x00,0xff,0x00,0x00,0x00,0xff,
    0x00,0x00,0x00,0xff,0x00,0x00,0x00,0xff,0x00,0x00,0x00,0xff,0x00,0x00,0x00,0xff,
    0x00,0x00,0x00,0xff,0x00,0x00,0x00,0xff,0x00,0x00,0x00,0xff,0x00,0x00,0x00,0xff,
    0x00,0x00,0x00,0xff,0x00,0x00,0x00,0xff,0x00,0x00,0x00,0xff,0x00,0x00,0x00,0xff,
    0x00,0x00,0x00,0xff,0x00,0x00,0x00,0xff,
};
